,player,team,lg,season,replaced
0,Bam Adebayo,East,NBA,2024,False
1,Giannis Antetokounmpo,East,NBA,2024,False
2,Paolo Banchero,East,NBA,2024,False
3,Scottie Barnes,East,NBA,2024,False
4,Jaylen Brown,East,NBA,2024,False
5,Jalen Brunson,East,NBA,2024,False
6,Joel Embiid,East,NBA,2024,False
7,Tyrese Haliburton,East,NBA,2024,False
8,Damian Lillard,East,NBA,2024,False
9,Tyrese Maxey,East,NBA,2024,False
10,Donovan Mitchell,East,NBA,2024,False
11,Julius Randle,East,NBA,2024,False
12,Jayson Tatum,East,NBA,2024,False
13,Trae Young,East,NBA,2024,False
14,Devin Booker,West,NBA,2024,False
15,Stephen Curry,West,NBA,2024,False
16,Anthony Davis,West,NBA,2024,False
17,Luka Dončić,West,NBA,2024,False
18,Kevin Durant,West,NBA,2024,False
19,Anthony Edwards,West,NBA,2024,False
20,Paul George,West,NBA,2024,False
21,Shai Gilgeous-Alexander,West,NBA,2024,False
22,LeBron James,West,NBA,2024,False
23,Nikola Jokić,West,NBA,2024,False
24,Kawhi Leonard,West,NBA,2024,False
25,Karl-Anthony Towns,West,NBA,2024,False
26,Bam Adebayo,Giannis,NBA,2023,False
27,Giannis Antetokounmpo,Giannis,NBA,2023,False
28,DeMar DeRozan,Giannis,NBA,2023,False
29,Kevin Durant,Giannis,NBA,2023,False
30,Shai Gilgeous-Alexander,Giannis,NBA,2023,False
31,Jrue Holiday,Giannis,NBA,2023,False
32,Damian Lillard,Giannis,NBA,2023,False
33,Lauri Markkanen,Giannis,NBA,2023,False
34,Donovan Mitchell,Giannis,NBA,2023,False
35,Ja Morant,Giannis,NBA,2023,False
36,Domantas Sabonis,Giannis,NBA,2023,False
37,Pascal Siakam,Giannis,NBA,2023,False
38,Jayson Tatum,Giannis,NBA,2023,False
39,Jaylen Brown,LeBron,NBA,2023,False
40,Stephen Curry,LeBron,NBA,2023,False
41,Luka Dončić,LeBron,NBA,2023,False
42,Anthony Edwards,LeBron,NBA,2023,False
43,Joel Embiid,LeBron,NBA,2023,False
44,De'Aaron Fox,LeBron,NBA,2023,False
45,Paul George,LeBron,NBA,2023,False
46,Tyrese Haliburton,LeBron,NBA,2023,False
47,Kyrie Irving,LeBron,NBA,2023,False
48,Jaren Jackson Jr.,LeBron,NBA,2023,False
49,LeBron James,LeBron,NBA,2023,False
50,Nikola Jokić,LeBron,NBA,2023,False
51,Julius Randle,LeBron,NBA,2023,False
52,Zion Williamson,LeBron,NBA,2023,False
53,LaMelo Ball,Team Durant,NBA,2022,False
54,Devin Booker,Team Durant,NBA,2022,False
55,Kevin Durant,Team Durant,NBA,2022,False
56,Joel Embiid,Team Durant,NBA,2022,False
57,Rudy Gobert,Team Durant,NBA,2022,False
58,Draymond Green,Team Durant,NBA,2022,False
59,Zach LaVine,Team Durant,NBA,2022,False
60,Khris Middleton,Team Durant,NBA,2022,False
61,Ja Morant,Team Durant,NBA,2022,False
62,Dejounte Murray,Team Durant,NBA,2022,False
63,Jayson Tatum,Team Durant,NBA,2022,False
64,Karl-Anthony Towns,Team Durant,NBA,2022,False
65,Andrew Wiggins,Team Durant,NBA,2022,False
66,Trae Young,Team Durant,NBA,2022,False
67,Jarrett Allen,Team LeBron,NBA,2022,False
68,Giannis Antetokounmpo,Team LeBron,NBA,2022,False
69,Jimmy Butler,Team LeBron,NBA,2022,False
70,Stephen Curry,Team LeBron,NBA,2022,False
71,DeMar DeRozan,Team LeBron,NBA,2022,False
72,Luka Dončić,Team LeBron,NBA,2022,False
73,Darius Garland,Team LeBron,NBA,2022,False
74,James Harden,Team LeBron,NBA,2022,False
75,LeBron James,Team LeBron,NBA,2022,False
76,Nikola Jokić,Team LeBron,NBA,2022,False
77,Donovan Mitchell,Team LeBron,NBA,2022,False
78,Chris Paul,Team LeBron,NBA,2022,False
79,Fred VanVleet,Team LeBron,NBA,2022,False
80,Bradley Beal,Team Durant,NBA,2021,False
81,Devin Booker,Team Durant,NBA,2021,False
82,Mike Conley,Team Durant,NBA,2021,False
83,Anthony Davis,Team Durant,NBA,2021,False
84,Kevin Durant,Team Durant,NBA,2021,False
85,Joel Embiid,Team Durant,NBA,2021,False
86,James Harden,Team Durant,NBA,2021,False
87,Kyrie Irving,Team Durant,NBA,2021,False
88,Zach LaVine,Team Durant,NBA,2021,False
89,Kawhi Leonard,Team Durant,NBA,2021,False
90,Donovan Mitchell,Team Durant,NBA,2021,False
91,Julius Randle,Team Durant,NBA,2021,False
92,Jayson Tatum,Team Durant,NBA,2021,False
93,Nikola Vučević,Team Durant,NBA,2021,False
94,Zion Williamson,Team Durant,NBA,2021,False
95,Giannis Antetokounmpo,Team LeBron,NBA,2021,False
96,Jaylen Brown,Team LeBron,NBA,2021,False
97,Stephen Curry,Team LeBron,NBA,2021,False
98,Luka Dončić,Team LeBron,NBA,2021,False
99,Paul George,Team LeBron,NBA,2021,False
100,Rudy Gobert,Team LeBron,NBA,2021,False
101,LeBron James,Team LeBron,NBA,2021,False
102,Nikola Jokić,Team LeBron,NBA,2021,False
103,Damian Lillard,Team LeBron,NBA,2021,False
104,Chris Paul,Team LeBron,NBA,2021,False
105,Domantas Sabonis,Team LeBron,NBA,2021,False
106,Ben Simmons,Team LeBron,NBA,2021,False
107,Bam Adebayo,Team Giannis,NBA,2020,False
108,Giannis Antetokounmpo,Team Giannis,NBA,2020,False
109,Jimmy Butler,Team Giannis,NBA,2020,False
110,Joel Embiid,Team Giannis,NBA,2020,False
111,Rudy Gobert,Team Giannis,NBA,2020,False
112,Brandon Ingram,Team Giannis,NBA,2020,False
113,Kyle Lowry,Team Giannis,NBA,2020,False
114,Khris Middleton,Team Giannis,NBA,2020,False
115,Donovan Mitchell,Team Giannis,NBA,2020,False
116,Pascal Siakam,Team Giannis,NBA,2020,False
117,Kemba Walker,Team Giannis,NBA,2020,False
118,Trae Young,Team Giannis,NBA,2020,False
119,Devin Booker,Team LeBron,NBA,2020,False
120,Anthony Davis,Team LeBron,NBA,2020,False
121,Luka Dončić,Team LeBron,NBA,2020,False
122,James Harden,Team LeBron,NBA,2020,False
123,LeBron James,Team LeBron,NBA,2020,False
124,Nikola Jokić,Team LeBron,NBA,2020,False
125,Kawhi Leonard,Team LeBron,NBA,2020,False
126,Damian Lillard,Team LeBron,NBA,2020,False
127,Chris Paul,Team LeBron,NBA,2020,False
128,Domantas Sabonis,Team LeBron,NBA,2020,False
129,Ben Simmons,Team LeBron,NBA,2020,False
130,Jayson Tatum,Team LeBron,NBA,2020,False
131,Russell Westbrook,Team LeBron,NBA,2020,False
132,Giannis Antetokounmpo,Team Giannis,NBA,2019,False
133,Stephen Curry,Team Giannis,NBA,2019,False
134,Joel Embiid,Team Giannis,NBA,2019,False
135,Paul George,Team Giannis,NBA,2019,False
136,Blake Griffin,Team Giannis,NBA,2019,False
137,Nikola Jokić,Team Giannis,NBA,2019,False
138,Kyle Lowry,Team Giannis,NBA,2019,False
139,Khris Middleton,Team Giannis,NBA,2019,False
140,Dirk Nowitzki,Team Giannis,NBA,2019,False
141,Victor Oladipo,Team Giannis,NBA,2019,True
142,D'Angelo Russell,Team Giannis,NBA,2019,False
143,Nikola Vučević,Team Giannis,NBA,2019,False
144,Kemba Walker,Team Giannis,NBA,2019,False
145,Russell Westbrook,Team Giannis,NBA,2019,False
146,LaMarcus Aldridge,Team LeBron,NBA,2019,False
147,Bradley Beal,Team LeBron,NBA,2019,False
148,Anthony Davis,Team LeBron,NBA,2019,False
149,Kevin Durant,Team LeBron,NBA,2019,False
150,James Harden,Team LeBron,NBA,2019,False
151,Kyrie Irving,Team LeBron,NBA,2019,False
152,LeBron James,Team LeBron,NBA,2019,False
153,Kawhi Leonard,Team LeBron,NBA,2019,False
154,Damian Lillard,Team LeBron,NBA,2019,False
155,Ben Simmons,Team LeBron,NBA,2019,False
156,Klay Thompson,Team LeBron,NBA,2019,False
157,Karl-Anthony Towns,Team LeBron,NBA,2019,False
158,Dwyane Wade,Team LeBron,NBA,2019,False
159,LaMarcus Aldridge,Team LeBron,NBA,2018,False
160,Bradley Beal,Team LeBron,NBA,2018,False
161,DeMarcus Cousins,Team LeBron,NBA,2018,True
162,Anthony Davis,Team LeBron,NBA,2018,False
163,Goran Dragić,Team LeBron,NBA,2018,False
164,Andre Drummond,Team LeBron,NBA,2018,False
165,Kevin Durant,Team LeBron,NBA,2018,False
166,Paul George,Team LeBron,NBA,2018,False
167,Kyrie Irving,Team LeBron,NBA,2018,False
168,LeBron James,Team LeBron,NBA,2018,False
169,Kevin Love,Team LeBron,NBA,2018,True
170,Victor Oladipo,Team LeBron,NBA,2018,False
171,Kristaps Porziņģis,Team LeBron,NBA,2018,True
172,Kemba Walker,Team LeBron,NBA,2018,False
173,John Wall,Team LeBron,NBA,2018,True
174,Russell Westbrook,Team LeBron,NBA,2018,False
175,Giannis Antetokounmpo,Team Stephen,NBA,2018,False
176,Jimmy Butler,Team Stephen,NBA,2018,True
177,Stephen Curry,Team Stephen,NBA,2018,False
178,DeMar DeRozan,Team Stephen,NBA,2018,False
179,Joel Embiid,Team Stephen,NBA,2018,False
180,Draymond Green,Team Stephen,NBA,2018,False
181,James Harden,Team Stephen,NBA,2018,False
182,Al Horford,Team Stephen,NBA,2018,False
183,Damian Lillard,Team Stephen,NBA,2018,False
184,Kyle Lowry,Team Stephen,NBA,2018,False
185,Klay Thompson,Team Stephen,NBA,2018,False
186,Karl-Anthony Towns,Team Stephen,NBA,2018,False
187,Giannis Antetokounmpo,East,NBA,2017,False
188,Carmelo Anthony,East,NBA,2017,False
189,Jimmy Butler,East,NBA,2017,False
190,DeMar DeRozan,East,NBA,2017,False
191,Paul George,East,NBA,2017,False
192,Kyrie Irving,East,NBA,2017,False
193,LeBron James,East,NBA,2017,False
194,Kevin Love,East,NBA,2017,True
195,Kyle Lowry,East,NBA,2017,False
196,Paul Millsap,East,NBA,2017,False
197,Isaiah Thomas,East,NBA,2017,False
198,Kemba Walker,East,NBA,2017,False
199,John Wall,East,NBA,2017,False
200,DeMarcus Cousins,West,NBA,2017,False
201,Stephen Curry,West,NBA,2017,False
202,Anthony Davis,West,NBA,2017,False
203,Kevin Durant,West,NBA,2017,False
204,Marc Gasol,West,NBA,2017,False
205,Draymond Green,West,NBA,2017,False
206,James Harden,West,NBA,2017,False
207,Gordon Hayward,West,NBA,2017,False
208,DeAndre Jordan,West,NBA,2017,False
209,Kawhi Leonard,West,NBA,2017,False
210,Klay Thompson,West,NBA,2017,False
211,Russell Westbrook,West,NBA,2017,False
212,Carmelo Anthony,East,NBA,2016,False
213,Chris Bosh,East,NBA,2016,True
214,Jimmy Butler,East,NBA,2016,True
215,DeMar DeRozan,East,NBA,2016,False
216,Andre Drummond,East,NBA,2016,False
217,Pau Gasol,East,NBA,2016,False
218,Paul George,East,NBA,2016,False
219,Al Horford,East,NBA,2016,False
220,LeBron James,East,NBA,2016,False
221,Kyle Lowry,East,NBA,2016,False
222,Paul Millsap,East,NBA,2016,False
223,Isaiah Thomas,East,NBA,2016,False
224,Dwyane Wade,East,NBA,2016,False
225,John Wall,East,NBA,2016,False
226,LaMarcus Aldridge,West,NBA,2016,False
227,Kobe Bryant,West,NBA,2016,False
228,DeMarcus Cousins,West,NBA,2016,False
229,Stephen Curry,West,NBA,2016,False
230,Anthony Davis,West,NBA,2016,False
231,Kevin Durant,West,NBA,2016,False
232,Draymond Green,West,NBA,2016,False
233,James Harden,West,NBA,2016,False
234,Kawhi Leonard,West,NBA,2016,False
235,Chris Paul,West,NBA,2016,False
236,Klay Thompson,West,NBA,2016,False
237,Russell Westbrook,West,NBA,2016,False
238,Carmelo Anthony,East,NBA,2015,False
239,Chris Bosh,East,NBA,2015,False
240,Jimmy Butler,East,NBA,2015,False
241,Pau Gasol,East,NBA,2015,False
242,Al Horford,East,NBA,2015,False
243,Kyrie Irving,East,NBA,2015,False
244,LeBron James,East,NBA,2015,False
245,Kyle Korver,East,NBA,2015,False
246,Kyle Lowry,East,NBA,2015,False
247,Paul Millsap,East,NBA,2015,False
248,Jeff Teague,East,NBA,2015,False
249,Dwyane Wade,East,NBA,2015,False
250,John Wall,East,NBA,2015,False
251,LaMarcus Aldridge,West,NBA,2015,False
252,Kobe Bryant,West,NBA,2015,False
253,DeMarcus Cousins,West,NBA,2015,False
254,Stephen Curry,West,NBA,2015,False
255,Anthony Davis,West,NBA,2015,False
256,Tim Duncan,West,NBA,2015,False
257,Kevin Durant,West,NBA,2015,False
258,Marc Gasol,West,NBA,2015,False
259,Blake Griffin,West,NBA,2015,False
260,James Harden,West,NBA,2015,False
261,Damian Lillard,West,NBA,2015,False
262,Dirk Nowitzki,West,NBA,2015,False
263,Chris Paul,West,NBA,2015,False
264,Klay Thompson,West,NBA,2015,False
265,Russell Westbrook,West,NBA,2015,False
266,Carmelo Anthony,East,NBA,2014,False
267,Chris Bosh,East,NBA,2014,False
268,DeMar DeRozan,East,NBA,2014,False
269,Paul George,East,NBA,2014,False
270,Roy Hibbert,East,NBA,2014,False
271,Kyrie Irving,East,NBA,2014,False
272,LeBron James,East,NBA,2014,False
273,Joe Johnson,East,NBA,2014,False
274,Paul Millsap,East,NBA,2014,False
275,Joakim Noah,East,NBA,2014,False
276,Dwyane Wade,East,NBA,2014,False
277,John Wall,East,NBA,2014,False
278,LaMarcus Aldridge,West,NBA,2014,False
279,Kobe Bryant,West,NBA,2014,True
280,Stephen Curry,West,NBA,2014,False
281,Anthony Davis,West,NBA,2014,False
282,Kevin Durant,West,NBA,2014,False
283,Blake Griffin,West,NBA,2014,False
284,James Harden,West,NBA,2014,False
285,Dwight Howard,West,NBA,2014,False
286,Damian Lillard,West,NBA,2014,False
287,Kevin Love,West,NBA,2014,False
288,Dirk Nowitzki,West,NBA,2014,False
289,Tony Parker,West,NBA,2014,False
290,Chris Paul,West,NBA,2014,False
291,Carmelo Anthony,East,NBA,2013,False
292,Chris Bosh,East,NBA,2013,False
293,Tyson Chandler,East,NBA,2013,False
294,Luol Deng,East,NBA,2013,False
295,Kevin Garnett,East,NBA,2013,False
296,Paul George,East,NBA,2013,False
297,Jrue Holiday,East,NBA,2013,False
298,Kyrie Irving,East,NBA,2013,False
299,LeBron James,East,NBA,2013,False
300,Brook Lopez,East,NBA,2013,False
301,Joakim Noah,East,NBA,2013,False
302,Rajon Rondo,East,NBA,2013,True
303,Dwyane Wade,East,NBA,2013,False
304,LaMarcus Aldridge,West,NBA,2013,False
305,Kobe Bryant,West,NBA,2013,False
306,Tim Duncan,West,NBA,2013,False
307,Kevin Durant,West,NBA,2013,False
308,Blake Griffin,West,NBA,2013,False
309,James Harden,West,NBA,2013,False
310,Dwight Howard,West,NBA,2013,False
311,David Lee,West,NBA,2013,False
312,Tony Parker,West,NBA,2013,False
313,Chris Paul,West,NBA,2013,False
314,Zach Randolph,West,NBA,2013,False
315,Russell Westbrook,West,NBA,2013,False
316,Carmelo Anthony,East,NBA,2012,False
317,Chris Bosh,East,NBA,2012,False
318,Luol Deng,East,NBA,2012,False
319,Roy Hibbert,East,NBA,2012,False
320,Dwight Howard,East,NBA,2012,False
321,Andre Iguodala,East,NBA,2012,False
322,LeBron James,East,NBA,2012,False
323,Joe Johnson,East,NBA,2012,True
324,Paul Pierce,East,NBA,2012,False
325,Rajon Rondo,East,NBA,2012,False
326,Derrick Rose,East,NBA,2012,False
327,Dwyane Wade,East,NBA,2012,False
328,Deron Williams,East,NBA,2012,False
329,LaMarcus Aldridge,West,NBA,2012,False
330,Kobe Bryant,West,NBA,2012,False
331,Andrew Bynum,West,NBA,2012,False
332,Kevin Durant,West,NBA,2012,False
333,Marc Gasol,West,NBA,2012,False
334,Blake Griffin,West,NBA,2012,False
335,Kevin Love,West,NBA,2012,False
336,Steve Nash,West,NBA,2012,False
337,Dirk Nowitzki,West,NBA,2012,False
338,Tony Parker,West,NBA,2012,False
339,Chris Paul,West,NBA,2012,False
340,Russell Westbrook,West,NBA,2012,False
341,Ray Allen,East,NBA,2011,False
342,Chris Bosh,East,NBA,2011,False
343,Kevin Garnett,East,NBA,2011,False
344,Al Horford,East,NBA,2011,False
345,Dwight Howard,East,NBA,2011,False
346,LeBron James,East,NBA,2011,False
347,Joe Johnson,East,NBA,2011,False
348,Paul Pierce,East,NBA,2011,False
349,Rajon Rondo,East,NBA,2011,False
350,Derrick Rose,East,NBA,2011,False
351,Amar'e Stoudemire,East,NBA,2011,False
352,Dwyane Wade,East,NBA,2011,False
353,Carmelo Anthony,West,NBA,2011,False
354,Kobe Bryant,West,NBA,2011,False
355,Tim Duncan,West,NBA,2011,False
356,Kevin Durant,West,NBA,2011,False
357,Pau Gasol,West,NBA,2011,False
358,Manu Ginóbili,West,NBA,2011,False
359,Blake Griffin,West,NBA,2011,False
360,Kevin Love,West,NBA,2011,False
361,Yao Ming,West,NBA,2011,True
362,Dirk Nowitzki,West,NBA,2011,False
363,Chris Paul,West,NBA,2011,False
364,Russell Westbrook,West,NBA,2011,False
365,Deron Williams,West,NBA,2011,False
366,Chris Bosh,East,NBA,2010,False
367,Kevin Garnett,East,NBA,2010,False
368,Al Horford,East,NBA,2010,False
369,Dwight Howard,East,NBA,2010,False
370,Allen Iverson,East,NBA,2010,True
371,LeBron James,East,NBA,2010,False
372,Joe Johnson,East,NBA,2010,False
373,David Lee,East,NBA,2010,False
374,Paul Pierce,East,NBA,2010,False
375,Rajon Rondo,East,NBA,2010,False
376,Derrick Rose,East,NBA,2010,False
377,Dwyane Wade,East,NBA,2010,False
378,Gerald Wallace,East,NBA,2010,False
379,Carmelo Anthony,West,NBA,2010,False
380,Chauncey Billups,West,NBA,2010,False
381,Kobe Bryant,West,NBA,2010,True
382,Tim Duncan,West,NBA,2010,False
383,Kevin Durant,West,NBA,2010,False
384,Pau Gasol,West,NBA,2010,False
385,Chris Kaman,West,NBA,2010,False
386,Jason Kidd,West,NBA,2010,False
387,Steve Nash,West,NBA,2010,False
388,Dirk Nowitzki,West,NBA,2010,False
389,Chris Paul,West,NBA,2010,True
390,Zach Randolph,West,NBA,2010,False
391,Brandon Roy,West,NBA,2010,True
392,Amar'e Stoudemire,West,NBA,2010,False
393,Deron Williams,West,NBA,2010,False
394,Ray Allen,East,NBA,2009,False
395,Chris Bosh,East,NBA,2009,True
396,Kevin Garnett,East,NBA,2009,False
397,Danny Granger,East,NBA,2009,False
398,Devin Harris,East,NBA,2009,False
399,Dwight Howard,East,NBA,2009,False
400,Allen Iverson,East,NBA,2009,False
401,LeBron James,East,NBA,2009,False
402,Joe Johnson,East,NBA,2009,False
403,Rashard Lewis,East,NBA,2009,False
404,Jameer Nelson,East,NBA,2009,True
405,Paul Pierce,East,NBA,2009,False
406,Dwyane Wade,East,NBA,2009,False
407,Mo Williams,East,NBA,2009,False
408,Chauncey Billups,West,NBA,2009,False
409,Kobe Bryant,West,NBA,2009,False
410,Tim Duncan,West,NBA,2009,False
411,Pau Gasol,West,NBA,2009,False
412,Yao Ming,West,NBA,2009,False
413,Dirk Nowitzki,West,NBA,2009,False
414,Shaquille O'Neal,West,NBA,2009,False
415,Tony Parker,West,NBA,2009,False
416,Chris Paul,West,NBA,2009,False
417,Brandon Roy,West,NBA,2009,False
418,Amar'e Stoudemire,West,NBA,2009,False
419,David West,West,NBA,2009,False
420,Ray Allen,East,NBA,2008,False
421,Chauncey Billups,East,NBA,2008,False
422,Chris Bosh,East,NBA,2008,False
423,Caron Butler,East,NBA,2008,True
424,Kevin Garnett,East,NBA,2008,True
425,Richard Hamilton,East,NBA,2008,False
426,Dwight Howard,East,NBA,2008,False
427,LeBron James,East,NBA,2008,False
428,Antawn Jamison,East,NBA,2008,False
429,Joe Johnson,East,NBA,2008,False
430,Jason Kidd,East,NBA,2008,False
431,Paul Pierce,East,NBA,2008,False
432,Dwyane Wade,East,NBA,2008,False
433,Rasheed Wallace,East,NBA,2008,False
434,Carmelo Anthony,West,NBA,2008,False
435,Carlos Boozer,West,NBA,2008,False
436,Kobe Bryant,West,NBA,2008,False
437,Tim Duncan,West,NBA,2008,False
438,Allen Iverson,West,NBA,2008,False
439,Yao Ming,West,NBA,2008,False
440,Steve Nash,West,NBA,2008,False
441,Dirk Nowitzki,West,NBA,2008,False
442,Chris Paul,West,NBA,2008,False
443,Brandon Roy,West,NBA,2008,False
444,Amar'e Stoudemire,West,NBA,2008,False
445,David West,West,NBA,2008,False
446,Gilbert Arenas,East,NBA,2007,False
447,Chauncey Billups,East,NBA,2007,False
448,Chris Bosh,East,NBA,2007,False
449,Caron Butler,East,NBA,2007,False
450,Vince Carter,East,NBA,2007,False
451,Richard Hamilton,East,NBA,2007,False
452,Dwight Howard,East,NBA,2007,False
453,LeBron James,East,NBA,2007,False
454,Joe Johnson,East,NBA,2007,False
455,Jason Kidd,East,NBA,2007,True
456,Jermaine O'Neal,East,NBA,2007,False
457,Shaquille O'Neal,East,NBA,2007,False
458,Dwyane Wade,East,NBA,2007,False
459,Ray Allen,West,NBA,2007,False
460,Carmelo Anthony,West,NBA,2007,False
461,Carlos Boozer,West,NBA,2007,True
462,Kobe Bryant,West,NBA,2007,False
463,Tim Duncan,West,NBA,2007,False
464,Kevin Garnett,West,NBA,2007,False
465,Josh Howard,West,NBA,2007,False
466,Allen Iverson,West,NBA,2007,True
467,Shawn Marion,West,NBA,2007,False
468,Tracy McGrady,West,NBA,2007,False
469,Yao Ming,West,NBA,2007,True
470,Steve Nash,West,NBA,2007,True
471,Dirk Nowitzki,West,NBA,2007,False
472,Mehmet Okur,West,NBA,2007,False
473,Tony Parker,West,NBA,2007,False
474,Amar'e Stoudemire,West,NBA,2007,False
475,Gilbert Arenas,East,NBA,2006,False
476,Chauncey Billups,East,NBA,2006,False
477,Chris Bosh,East,NBA,2006,False
478,Vince Carter,East,NBA,2006,False
479,Richard Hamilton,East,NBA,2006,False
480,Allen Iverson,East,NBA,2006,False
481,LeBron James,East,NBA,2006,False
482,Jermaine O'Neal,East,NBA,2006,True
483,Shaquille O'Neal,East,NBA,2006,False
484,Paul Pierce,East,NBA,2006,False
485,Dwyane Wade,East,NBA,2006,False
486,Ben Wallace,East,NBA,2006,False
487,Rasheed Wallace,East,NBA,2006,False
488,Ray Allen,West,NBA,2006,False
489,Elton Brand,West,NBA,2006,False
490,Kobe Bryant,West,NBA,2006,False
491,Tim Duncan,West,NBA,2006,False
492,Kevin Garnett,West,NBA,2006,False
493,Pau Gasol,West,NBA,2006,False
494,Shawn Marion,West,NBA,2006,False
495,Tracy McGrady,West,NBA,2006,False
496,Yao Ming,West,NBA,2006,False
497,Steve Nash,West,NBA,2006,False
498,Dirk Nowitzki,West,NBA,2006,False
499,Tony Parker,West,NBA,2006,False
500,Gilbert Arenas,East,NBA,2005,False
501,Vince Carter,East,NBA,2005,False
502,Grant Hill,East,NBA,2005,False
503,Zydrunas Ilgauskas,East,NBA,2005,False
504,Allen Iverson,East,NBA,2005,False
505,LeBron James,East,NBA,2005,False
506,Antawn Jamison,East,NBA,2005,False
507,Jermaine O'Neal,East,NBA,2005,False
508,Shaquille O'Neal,East,NBA,2005,False
509,Paul Pierce,East,NBA,2005,False
510,Dwyane Wade,East,NBA,2005,False
511,Ben Wallace,East,NBA,2005,False
512,Ray Allen,West,NBA,2005,False
513,Kobe Bryant,West,NBA,2005,False
514,Tim Duncan,West,NBA,2005,False
515,Kevin Garnett,West,NBA,2005,False
516,Manu Ginóbili,West,NBA,2005,False
517,Rashard Lewis,West,NBA,2005,False
518,Shawn Marion,West,NBA,2005,False
519,Tracy McGrady,West,NBA,2005,False
520,Yao Ming,West,NBA,2005,False
521,Steve Nash,West,NBA,2005,False
522,Dirk Nowitzki,West,NBA,2005,False
523,Amar'e Stoudemire,West,NBA,2005,False
524,Metta World Peace,East,NBA,2004,False
525,Vince Carter,East,NBA,2004,False
526,Baron Davis,East,NBA,2004,False
527,Allen Iverson,East,NBA,2004,False
528,Jason Kidd,East,NBA,2004,False
529,Jamaal Magloire,East,NBA,2004,False
530,Kenyon Martin,East,NBA,2004,False
531,Tracy McGrady,East,NBA,2004,False
532,Jermaine O'Neal,East,NBA,2004,False
533,Paul Pierce,East,NBA,2004,False
534,Michael Redd,East,NBA,2004,False
535,Ben Wallace,East,NBA,2004,False
536,Ray Allen,West,NBA,2004,False
537,Kobe Bryant,West,NBA,2004,False
538,Sam Cassell,West,NBA,2004,False
539,Tim Duncan,West,NBA,2004,False
540,Steve Francis,West,NBA,2004,False
541,Kevin Garnett,West,NBA,2004,False
542,Andrei Kirilenko,West,NBA,2004,False
543,Brad Miller,West,NBA,2004,False
544,Yao Ming,West,NBA,2004,False
545,Dirk Nowitzki,West,NBA,2004,False
546,Shaquille O'Neal,West,NBA,2004,False
547,Peja Stojaković,West,NBA,2004,False
548,Vince Carter,East,NBA,2003,False
549,Zydrunas Ilgauskas,East,NBA,2003,False
550,Allen Iverson,East,NBA,2003,False
551,Michael Jordan,East,NBA,2003,False
552,Jason Kidd,East,NBA,2003,False
553,Jamal Mashburn,East,NBA,2003,False
554,Tracy McGrady,East,NBA,2003,False
555,Brad Miller,East,NBA,2003,False
556,Jermaine O'Neal,East,NBA,2003,False
557,Paul Pierce,East,NBA,2003,False
558,Antoine Walker,East,NBA,2003,False
559,Ben Wallace,East,NBA,2003,False
560,Kobe Bryant,West,NBA,2003,False
561,Tim Duncan,West,NBA,2003,False
562,Steve Francis,West,NBA,2003,False
563,Kevin Garnett,West,NBA,2003,False
564,Stephon Marbury,West,NBA,2003,False
565,Shawn Marion,West,NBA,2003,False
566,Yao Ming,West,NBA,2003,False
567,Steve Nash,West,NBA,2003,False
568,Dirk Nowitzki,West,NBA,2003,False
569,Shaquille O'Neal,West,NBA,2003,False
570,Gary Payton,West,NBA,2003,False
571,Peja Stojaković,West,NBA,2003,False
572,Chris Webber,West,NBA,2003,True
573,Shareef Abdur-Rahim,East,NBA,2002,False
574,Ray Allen,East,NBA,2002,False
575,Vince Carter,East,NBA,2002,True
576,Baron Davis,East,NBA,2002,False
577,Allen Iverson,East,NBA,2002,False
578,Michael Jordan,East,NBA,2002,False
579,Jason Kidd,East,NBA,2002,False
580,Tracy McGrady,East,NBA,2002,False
581,Alonzo Mourning,East,NBA,2002,False
582,Dikembe Mutombo,East,NBA,2002,False
583,Jermaine O'Neal,East,NBA,2002,False
584,Paul Pierce,East,NBA,2002,False
585,Antoine Walker,East,NBA,2002,False
586,Elton Brand,West,NBA,2002,False
587,Kobe Bryant,West,NBA,2002,False
588,Tim Duncan,West,NBA,2002,False
589,Steve Francis,West,NBA,2002,False
590,Kevin Garnett,West,NBA,2002,False
591,Karl Malone,West,NBA,2002,True
592,Steve Nash,West,NBA,2002,False
593,Dirk Nowitzki,West,NBA,2002,False
594,Shaquille O'Neal,West,NBA,2002,True
595,Gary Payton,West,NBA,2002,False
596,Peja Stojaković,West,NBA,2002,False
597,Wally Szczerbiak,West,NBA,2002,False
598,Chris Webber,West,NBA,2002,False
599,Ray Allen,East,NBA,2001,False
600,Vince Carter,East,NBA,2001,False
601,Antonio Davis,East,NBA,2001,False
602,Grant Hill,East,NBA,2001,True
603,Allan Houston,East,NBA,2001,False
604,Allen Iverson,East,NBA,2001,False
605,Stephon Marbury,East,NBA,2001,False
606,Anthony Mason,East,NBA,2001,False
607,Tracy McGrady,East,NBA,2001,False
608,Alonzo Mourning,East,NBA,2001,True
609,Dikembe Mutombo,East,NBA,2001,False
610,Theo Ratliff,East,NBA,2001,True
611,Glenn Robinson,East,NBA,2001,False
612,Latrell Sprewell,East,NBA,2001,False
613,Jerry Stackhouse,East,NBA,2001,False
614,Kobe Bryant,West,NBA,2001,False
615,Vlade Divac,West,NBA,2001,False
616,Tim Duncan,West,NBA,2001,False
617,Michael Finley,West,NBA,2001,False
618,Kevin Garnett,West,NBA,2001,False
619,Jason Kidd,West,NBA,2001,False
620,Karl Malone,West,NBA,2001,False
621,Antonio McDyess,West,NBA,2001,False
622,Shaquille O'Neal,West,NBA,2001,True
623,Gary Payton,West,NBA,2001,False
624,David Robinson,West,NBA,2001,False
625,Rasheed Wallace,West,NBA,2001,False
626,Chris Webber,West,NBA,2001,False
627,Ray Allen,East,NBA,2000,False
628,Vince Carter,East,NBA,2000,False
629,Dale Davis,East,NBA,2000,False
630,Grant Hill,East,NBA,2000,False
631,Allan Houston,East,NBA,2000,False
632,Allen Iverson,East,NBA,2000,False
633,Eddie Jones,East,NBA,2000,False
634,Reggie Miller,East,NBA,2000,False
635,Alonzo Mourning,East,NBA,2000,False
636,Dikembe Mutombo,East,NBA,2000,False
637,Glenn Robinson,East,NBA,2000,False
638,Jerry Stackhouse,East,NBA,2000,False
639,Kobe Bryant,West,NBA,2000,False
640,Tim Duncan,West,NBA,2000,False
641,Michael Finley,West,NBA,2000,False
642,Kevin Garnett,West,NBA,2000,False
643,Jason Kidd,West,NBA,2000,False
644,Karl Malone,West,NBA,2000,False
645,Shaquille O'Neal,West,NBA,2000,False
646,Gary Payton,West,NBA,2000,False
647,David Robinson,West,NBA,2000,False
648,John Stockton,West,NBA,2000,False
649,Rasheed Wallace,West,NBA,2000,False
650,Chris Webber,West,NBA,2000,False
651,Anfernee Hardaway,East,NBA,1998,False
652,Tim Hardaway,East,NBA,1998,False
653,Grant Hill,East,NBA,1998,False
654,Michael Jordan,East,NBA,1998,False
655,Shawn Kemp,East,NBA,1998,False
656,Reggie Miller,East,NBA,1998,False
657,Dikembe Mutombo,East,NBA,1998,False
658,Glen Rice,East,NBA,1998,False
659,Steve Smith,East,NBA,1998,False
660,Rik Smits,East,NBA,1998,False
661,Antoine Walker,East,NBA,1998,False
662,Jayson Williams,East,NBA,1998,False
663,Vin Baker,West,NBA,1998,False
664,Kobe Bryant,West,NBA,1998,False
665,Tim Duncan,West,NBA,1998,False
666,Kevin Garnett,West,NBA,1998,False
667,Eddie Jones,West,NBA,1998,False
668,Jason Kidd,West,NBA,1998,False
669,Karl Malone,West,NBA,1998,False
670,Shaquille O'Neal,West,NBA,1998,False
671,Gary Payton,West,NBA,1998,False
672,Mitch Richmond,West,NBA,1998,False
673,David Robinson,West,NBA,1998,False
674,Nick Van Exel,West,NBA,1998,False
675,Vin Baker,East,NBA,1997,False
676,Terrell Brandon,East,NBA,1997,False
677,Joe Dumars,East,NBA,1997,False
678,Patrick Ewing,East,NBA,1997,True
679,Anfernee Hardaway,East,NBA,1997,False
680,Tim Hardaway,East,NBA,1997,False
681,Grant Hill,East,NBA,1997,False
682,Michael Jordan,East,NBA,1997,False
683,Christian Laettner,East,NBA,1997,False
684,Alonzo Mourning,East,NBA,1997,True
685,Dikembe Mutombo,East,NBA,1997,False
686,Scottie Pippen,East,NBA,1997,False
687,Glen Rice,East,NBA,1997,False
688,Chris Webber,East,NBA,1997,False
689,Charles Barkley,West,NBA,1997,True
690,Clyde Drexler,West,NBA,1997,True
691,Kevin Garnett,West,NBA,1997,False
692,Chris Gatling,West,NBA,1997,False
693,Tom Gugliotta,West,NBA,1997,False
694,Eddie Jones,West,NBA,1997,False
695,Shawn Kemp,West,NBA,1997,False
696,Karl Malone,West,NBA,1997,False
697,Hakeem Olajuwon,West,NBA,1997,False
698,Shaquille O'Neal,West,NBA,1997,True
699,Gary Payton,West,NBA,1997,False
700,Mitch Richmond,West,NBA,1997,False
701,Detlef Schrempf,West,NBA,1997,False
702,Latrell Sprewell,West,NBA,1997,False
703,John Stockton,West,NBA,1997,False
704,Vin Baker,East,NBA,1996,False
705,Terrell Brandon,East,NBA,1996,False
706,Patrick Ewing,East,NBA,1996,False
707,Anfernee Hardaway,East,NBA,1996,False
708,Grant Hill,East,NBA,1996,False
709,Juwan Howard,East,NBA,1996,False
710,Michael Jordan,East,NBA,1996,False
711,Reggie Miller,East,NBA,1996,False
712,Alonzo Mourning,East,NBA,1996,False
713,Shaquille O'Neal,East,NBA,1996,False
714,Scottie Pippen,East,NBA,1996,False
715,Glen Rice,East,NBA,1996,False
716,Charles Barkley,West,NBA,1996,False
717,Clyde Drexler,West,NBA,1996,False
718,Sean Elliott,West,NBA,1996,False
719,Shawn Kemp,West,NBA,1996,False
720,Jason Kidd,West,NBA,1996,False
721,Karl Malone,West,NBA,1996,False
722,Dikembe Mutombo,West,NBA,1996,False
723,Hakeem Olajuwon,West,NBA,1996,False
724,Gary Payton,West,NBA,1996,False
725,Mitch Richmond,West,NBA,1996,False
726,David Robinson,West,NBA,1996,False
727,John Stockton,West,NBA,1996,False
728,Vin Baker,East,NBA,1995,False
729,Dana Barros,East,NBA,1995,False
730,Joe Dumars,East,NBA,1995,False
731,Patrick Ewing,East,NBA,1995,False
732,Anfernee Hardaway,East,NBA,1995,False
733,Grant Hill,East,NBA,1995,False
734,Tyrone Hill,East,NBA,1995,False
735,Larry Johnson,East,NBA,1995,False
736,Reggie Miller,East,NBA,1995,False
737,Alonzo Mourning,East,NBA,1995,False
738,Shaquille O'Neal,East,NBA,1995,False
739,Scottie Pippen,East,NBA,1995,False
740,Charles Barkley,West,NBA,1995,False
741,Cedric Ceballos,West,NBA,1995,True
742,Shawn Kemp,West,NBA,1995,False
743,Dan Majerle,West,NBA,1995,False
744,Karl Malone,West,NBA,1995,False
745,Dikembe Mutombo,West,NBA,1995,False
746,Hakeem Olajuwon,West,NBA,1995,False
747,Gary Payton,West,NBA,1995,False
748,Mitch Richmond,West,NBA,1995,False
749,David Robinson,West,NBA,1995,False
750,Detlef Schrempf,West,NBA,1995,False
751,Latrell Sprewell,West,NBA,1995,False
752,John Stockton,West,NBA,1995,False
753,Kenny Anderson,East,NBA,1994,False
754,B.J. Armstrong,East,NBA,1994,False
755,Mookie Blaylock,East,NBA,1994,False
756,Derrick Coleman,East,NBA,1994,False
757,Patrick Ewing,East,NBA,1994,False
758,Horace Grant,East,NBA,1994,False
759,Alonzo Mourning,East,NBA,1994,True
760,Charles Oakley,East,NBA,1994,False
761,Shaquille O'Neal,East,NBA,1994,False
762,Scottie Pippen,East,NBA,1994,False
763,Mark Price,East,NBA,1994,False
764,John Starks,East,NBA,1994,False
765,Dominique Wilkins,East,NBA,1994,False
766,Charles Barkley,West,NBA,1994,True
767,Clyde Drexler,West,NBA,1994,False
768,Kevin Johnson,West,NBA,1994,False
769,Shawn Kemp,West,NBA,1994,False
770,Karl Malone,West,NBA,1994,False
771,Danny Manning,West,NBA,1994,False
772,Hakeem Olajuwon,West,NBA,1994,False
773,Gary Payton,West,NBA,1994,False
774,Mitch Richmond,West,NBA,1994,False
775,Clifford Robinson,West,NBA,1994,False
776,David Robinson,West,NBA,1994,False
777,Latrell Sprewell,West,NBA,1994,False
778,John Stockton,West,NBA,1994,False
779,Brad Daugherty,East,NBA,1993,False
780,Joe Dumars,East,NBA,1993,False
781,Patrick Ewing,East,NBA,1993,False
782,Larry Johnson,East,NBA,1993,False
783,Michael Jordan,East,NBA,1993,False
784,Larry Nance,East,NBA,1993,False
785,Shaquille O'Neal,East,NBA,1993,False
786,Scottie Pippen,East,NBA,1993,False
787,Mark Price,East,NBA,1993,False
788,Detlef Schrempf,East,NBA,1993,False
789,Isiah Thomas,East,NBA,1993,False
790,Dominique Wilkins,East,NBA,1993,False
791,Charles Barkley,West,NBA,1993,False
792,Clyde Drexler,West,NBA,1993,False
793,Sean Elliott,West,NBA,1993,False
794,Tim Hardaway,West,NBA,1993,False
795,Shawn Kemp,West,NBA,1993,False
796,Dan Majerle,West,NBA,1993,False
797,Karl Malone,West,NBA,1993,False
798,Danny Manning,West,NBA,1993,False
799,Chris Mullin,West,NBA,1993,True
800,Hakeem Olajuwon,West,NBA,1993,False
801,Terry Porter,West,NBA,1993,False
802,Mitch Richmond,West,NBA,1993,True
803,David Robinson,West,NBA,1993,False
804,John Stockton,West,NBA,1993,False
805,Michael Adams,East,NBA,1992,False
806,Charles Barkley,East,NBA,1992,False
807,Larry Bird,East,NBA,1992,True
808,Brad Daugherty,East,NBA,1992,False
809,Joe Dumars,East,NBA,1992,False
810,Patrick Ewing,East,NBA,1992,False
811,Michael Jordan,East,NBA,1992,False
812,Reggie Lewis,East,NBA,1992,False
813,Scottie Pippen,East,NBA,1992,False
814,Mark Price,East,NBA,1992,False
815,Dennis Rodman,East,NBA,1992,False
816,Isiah Thomas,East,NBA,1992,False
817,Dominique Wilkins,East,NBA,1992,True
818,Kevin Willis,East,NBA,1992,False
819,Clyde Drexler,West,NBA,1992,False
820,Tim Hardaway,West,NBA,1992,False
821,Jeff Hornacek,West,NBA,1992,False
822,Magic Johnson,West,NBA,1992,False
823,Dan Majerle,West,NBA,1992,False
824,Karl Malone,West,NBA,1992,False
825,Chris Mullin,West,NBA,1992,False
826,Dikembe Mutombo,West,NBA,1992,False
827,Hakeem Olajuwon,West,NBA,1992,False
828,David Robinson,West,NBA,1992,False
829,John Stockton,West,NBA,1992,False
830,Otis Thorpe,West,NBA,1992,False
831,James Worthy,West,NBA,1992,False
832,Charles Barkley,East,NBA,1991,False
833,Larry Bird,East,NBA,1991,True
834,Brad Daugherty,East,NBA,1991,False
835,Joe Dumars,East,NBA,1991,False
836,Patrick Ewing,East,NBA,1991,False
837,Hersey Hawkins,East,NBA,1991,False
838,Michael Jordan,East,NBA,1991,False
839,Bernard King,East,NBA,1991,False
840,Kevin McHale,East,NBA,1991,False
841,Robert Parish,East,NBA,1991,False
842,Ricky Pierce,East,NBA,1991,False
843,Alvin Robertson,East,NBA,1991,False
844,Isiah Thomas,East,NBA,1991,True
845,Dominique Wilkins,East,NBA,1991,False
846,Tom Chambers,West,NBA,1991,False
847,Clyde Drexler,West,NBA,1991,False
848,Kevin Duckworth,West,NBA,1991,False
849,Tim Hardaway,West,NBA,1991,False
850,Kevin Johnson,West,NBA,1991,False
851,Magic Johnson,West,NBA,1991,False
852,Karl Malone,West,NBA,1991,False
853,Chris Mullin,West,NBA,1991,False
854,Terry Porter,West,NBA,1991,False
855,David Robinson,West,NBA,1991,False
856,John Stockton,West,NBA,1991,False
857,James Worthy,West,NBA,1991,False
858,Charles Barkley,East,NBA,1990,False
859,Larry Bird,East,NBA,1990,False
860,Joe Dumars,East,NBA,1990,False
861,Patrick Ewing,East,NBA,1990,False
862,Michael Jordan,East,NBA,1990,False
863,Kevin McHale,East,NBA,1990,False
864,Reggie Miller,East,NBA,1990,False
865,Robert Parish,East,NBA,1990,False
866,Scottie Pippen,East,NBA,1990,False
867,Dennis Rodman,East,NBA,1990,False
868,Isiah Thomas,East,NBA,1990,False
869,Dominique Wilkins,East,NBA,1990,False
870,Rolando Blackman,West,NBA,1990,False
871,Tom Chambers,West,NBA,1990,False
872,Clyde Drexler,West,NBA,1990,False
873,A.C. Green,West,NBA,1990,False
874,Kevin Johnson,West,NBA,1990,False
875,Magic Johnson,West,NBA,1990,False
876,Fat Lever,West,NBA,1990,False
877,Karl Malone,West,NBA,1990,True
878,Chris Mullin,West,NBA,1990,False
879,Hakeem Olajuwon,West,NBA,1990,False
880,David Robinson,West,NBA,1990,False
881,John Stockton,West,NBA,1990,False
882,James Worthy,West,NBA,1990,False
883,Charles Barkley,East,NBA,1989,False
884,Terry Cummings,East,NBA,1989,False
885,Brad Daugherty,East,NBA,1989,False
886,Patrick Ewing,East,NBA,1989,False
887,Mark Jackson,East,NBA,1989,False
888,Michael Jordan,East,NBA,1989,False
889,Moses Malone,East,NBA,1989,False
890,Kevin McHale,East,NBA,1989,False
891,Larry Nance,East,NBA,1989,False
892,Mark Price,East,NBA,1989,False
893,Isiah Thomas,East,NBA,1989,False
894,Dominique Wilkins,East,NBA,1989,False
895,Kareem Abdul-Jabbar,West,NBA,1989,False
896,Tom Chambers,West,NBA,1989,False
897,Clyde Drexler,West,NBA,1989,False
898,Kevin Duckworth,West,NBA,1989,False
899,Mark Eaton,West,NBA,1989,False
900,Dale Ellis,West,NBA,1989,False
901,Alex English,West,NBA,1989,False
902,Magic Johnson,West,NBA,1989,True
903,Karl Malone,West,NBA,1989,False
904,Chris Mullin,West,NBA,1989,False
905,Hakeem Olajuwon,West,NBA,1989,False
906,John Stockton,West,NBA,1989,False
907,James Worthy,West,NBA,1989,False
908,Danny Ainge,East,NBA,1988,False
909,Charles Barkley,East,NBA,1988,False
910,Larry Bird,East,NBA,1988,False
911,Maurice Cheeks,East,NBA,1988,False
912,Brad Daugherty,East,NBA,1988,False
913,Patrick Ewing,East,NBA,1988,False
914,Michael Jordan,East,NBA,1988,False
915,Moses Malone,East,NBA,1988,False
916,Kevin McHale,East,NBA,1988,False
917,Doc Rivers,East,NBA,1988,False
918,Isiah Thomas,East,NBA,1988,False
919,Dominique Wilkins,East,NBA,1988,False
920,Kareem Abdul-Jabbar,West,NBA,1988,False
921,Mark Aguirre,West,NBA,1988,False
922,James Donaldson,West,NBA,1988,False
923,Clyde Drexler,West,NBA,1988,False
924,Alex English,West,NBA,1988,False
925,Magic Johnson,West,NBA,1988,False
926,Steve Johnson,West,NBA,1988,True
927,Fat Lever,West,NBA,1988,False
928,Karl Malone,West,NBA,1988,False
929,Xavier McDaniel,West,NBA,1988,False
930,Hakeem Olajuwon,West,NBA,1988,False
931,Alvin Robertson,West,NBA,1988,False
932,James Worthy,West,NBA,1988,False
933,Charles Barkley,East,NBA,1987,False
934,Larry Bird,East,NBA,1987,False
935,Maurice Cheeks,East,NBA,1987,False
936,Julius Erving,East,NBA,1987,False
937,Michael Jordan,East,NBA,1987,False
938,Bill Laimbeer,East,NBA,1987,False
939,Jeff Malone,East,NBA,1987,False
940,Moses Malone,East,NBA,1987,False
941,Kevin McHale,East,NBA,1987,False
942,Robert Parish,East,NBA,1987,False
943,Isiah Thomas,East,NBA,1987,False
944,Dominique Wilkins,East,NBA,1987,False
945,Kareem Abdul-Jabbar,West,NBA,1987,False
946,Mark Aguirre,West,NBA,1987,False
947,Rolando Blackman,West,NBA,1987,False
948,Joe Barry Carroll,West,NBA,1987,False
949,Tom Chambers,West,NBA,1987,False
950,Walter Davis,West,NBA,1987,False
951,Alex English,West,NBA,1987,False
952,Sleepy Floyd,West,NBA,1987,False
953,Magic Johnson,West,NBA,1987,False
954,Hakeem Olajuwon,West,NBA,1987,False
955,Alvin Robertson,West,NBA,1987,False
956,Ralph Sampson,West,NBA,1987,True
957,James Worthy,West,NBA,1987,False
958,Larry Bird,East,NBA,1986,False
959,Maurice Cheeks,East,NBA,1986,False
960,Julius Erving,East,NBA,1986,False
961,Patrick Ewing,East,NBA,1986,True
962,Michael Jordan,East,NBA,1986,True
963,Jeff Malone,East,NBA,1986,False
964,Moses Malone,East,NBA,1986,False
965,Kevin McHale,East,NBA,1986,False
966,Sidney Moncrief,East,NBA,1986,False
967,Robert Parish,East,NBA,1986,False
968,Isiah Thomas,East,NBA,1986,False
969,Dominique Wilkins,East,NBA,1986,False
970,Buck Williams,East,NBA,1986,False
971,Kareem Abdul-Jabbar,West,NBA,1986,False
972,Rolando Blackman,West,NBA,1986,False
973,Adrian Dantley,West,NBA,1986,False
974,Clyde Drexler,West,NBA,1986,False
975,Alex English,West,NBA,1986,False
976,Artis Gilmore,West,NBA,1986,False
977,Marques Johnson,West,NBA,1986,False
978,Magic Johnson,West,NBA,1986,False
979,Hakeem Olajuwon,West,NBA,1986,False
980,Alvin Robertson,West,NBA,1986,False
981,Ralph Sampson,West,NBA,1986,False
982,James Worthy,West,NBA,1986,False
983,Larry Bird,East,NBA,1985,False
984,Terry Cummings,East,NBA,1985,False
985,Julius Erving,East,NBA,1985,False
986,Dennis Johnson,East,NBA,1985,False
987,Michael Jordan,East,NBA,1985,False
988,Bernard King,East,NBA,1985,False
989,Bill Laimbeer,East,NBA,1985,False
990,Moses Malone,East,NBA,1985,False
991,Sidney Moncrief,East,NBA,1985,False
992,Robert Parish,East,NBA,1985,False
993,Micheal Ray Richardson,East,NBA,1985,False
994,Jeff Ruland,East,NBA,1985,True
995,Isiah Thomas,East,NBA,1985,False
996,Kareem Abdul-Jabbar,West,NBA,1985,False
997,Rolando Blackman,West,NBA,1985,False
998,Adrian Dantley,West,NBA,1985,False
999,Alex English,West,NBA,1985,False
1000,George Gervin,West,NBA,1985,False
1001,Magic Johnson,West,NBA,1985,False
1002,Larry Nance,West,NBA,1985,False
1003,Calvin Natt,West,NBA,1985,False
1004,Norm Nixon,West,NBA,1985,False
1005,Hakeem Olajuwon,West,NBA,1985,False
1006,Ralph Sampson,West,NBA,1985,False
1007,Jack Sikma,West,NBA,1985,False
1008,Larry Bird,East,NBA,1984,False
1009,Otis Birdsong,East,NBA,1984,False
1010,Julius Erving,East,NBA,1984,False
1011,Bernard King,East,NBA,1984,False
1012,Bill Laimbeer,East,NBA,1984,False
1013,Moses Malone,East,NBA,1984,True
1014,Kevin McHale,East,NBA,1984,False
1015,Sidney Moncrief,East,NBA,1984,False
1016,Robert Parish,East,NBA,1984,False
1017,Jeff Ruland,East,NBA,1984,False
1018,Isiah Thomas,East,NBA,1984,False
1019,Andrew Toney,East,NBA,1984,False
1020,Kelly Tripucka,East,NBA,1984,False
1021,Kareem Abdul-Jabbar,West,NBA,1984,False
1022,Mark Aguirre,West,NBA,1984,False
1023,Adrian Dantley,West,NBA,1984,False
1024,Walter Davis,West,NBA,1984,False
1025,Alex English,West,NBA,1984,False
1026,George Gervin,West,NBA,1984,False
1027,Rickey Green,West,NBA,1984,False
1028,Magic Johnson,West,NBA,1984,False
1029,Jim Paxson,West,NBA,1984,False
1030,Ralph Sampson,West,NBA,1984,False
1031,Jack Sikma,West,NBA,1984,False
1032,Kiki Vandeweghe,West,NBA,1984,False
1033,Larry Bird,East,NBA,1983,False
1034,Maurice Cheeks,East,NBA,1983,False
1035,Julius Erving,East,NBA,1983,False
1036,Marques Johnson,East,NBA,1983,False
1037,Bill Laimbeer,East,NBA,1983,False
1038,Moses Malone,East,NBA,1983,False
1039,Sidney Moncrief,East,NBA,1983,False
1040,Robert Parish,East,NBA,1983,False
1041,Reggie Theus,East,NBA,1983,False
1042,Isiah Thomas,East,NBA,1983,False
1043,Andrew Toney,East,NBA,1983,False
1044,Buck Williams,East,NBA,1983,False
1045,Kareem Abdul-Jabbar,West,NBA,1983,False
1046,Alex English,West,NBA,1983,False
1047,George Gervin,West,NBA,1983,False
1048,Artis Gilmore,West,NBA,1983,False
1049,Magic Johnson,West,NBA,1983,False
1050,Maurice Lucas,West,NBA,1983,False
1051,Jim Paxson,West,NBA,1983,False
1052,Jack Sikma,West,NBA,1983,False
1053,David Thompson,West,NBA,1983,False
1054,Kiki Vandeweghe,West,NBA,1983,False
1055,Jamaal Wilkes,West,NBA,1983,False
1056,Gus Williams,West,NBA,1983,False
1057,Tiny Archibald,East,NBA,1982,False
1058,Larry Bird,East,NBA,1982,False
1059,Julius Erving,East,NBA,1982,False
1060,Artis Gilmore,East,NBA,1982,False
1061,Bobby Jones,East,NBA,1982,False
1062,Bob Lanier,East,NBA,1982,False
1063,Sidney Moncrief,East,NBA,1982,False
1064,Robert Parish,East,NBA,1982,False
1065,Micheal Ray Richardson,East,NBA,1982,False
1066,Dan Roundfield,East,NBA,1982,True
1067,Isiah Thomas,East,NBA,1982,False
1068,Kelly Tripucka,East,NBA,1982,False
1069,Buck Williams,East,NBA,1982,False
1070,Kareem Abdul-Jabbar,West,NBA,1982,False
1071,Adrian Dantley,West,NBA,1982,False
1072,Alex English,West,NBA,1982,False
1073,George Gervin,West,NBA,1982,False
1074,Dennis Johnson,West,NBA,1982,False
1075,Magic Johnson,West,NBA,1982,False
1076,Bernard King,West,NBA,1982,False
1077,Moses Malone,West,NBA,1982,False
1078,Norm Nixon,West,NBA,1982,False
1079,Lonnie Shelton,West,NBA,1982,False
1080,Jack Sikma,West,NBA,1982,False
1081,Gus Williams,West,NBA,1982,False
1082,Tiny Archibald,East,NBA,1981,False
1083,Larry Bird,East,NBA,1981,False
1084,Julius Erving,East,NBA,1981,False
1085,Artis Gilmore,East,NBA,1981,False
1086,Eddie Johnson,East,NBA,1981,False
1087,Marques Johnson,East,NBA,1981,False
1088,Bobby Jones,East,NBA,1981,False
1089,Mike Mitchell,East,NBA,1981,False
1090,Robert Parish,East,NBA,1981,False
1091,Micheal Ray Richardson,East,NBA,1981,False
1092,Dan Roundfield,East,NBA,1981,True
1093,Reggie Theus,East,NBA,1981,False
1094,Kareem Abdul-Jabbar,West,NBA,1981,False
1095,Otis Birdsong,West,NBA,1981,False
1096,Adrian Dantley,West,NBA,1981,False
1097,Walter Davis,West,NBA,1981,False
1098,George Gervin,West,NBA,1981,False
1099,Dennis Johnson,West,NBA,1981,False
1100,Moses Malone,West,NBA,1981,False
1101,Truck Robinson,West,NBA,1981,False
1102,Jack Sikma,West,NBA,1981,False
1103,Paul Westphal,West,NBA,1981,False
1104,Jamaal Wilkes,West,NBA,1981,False
1105,Tiny Archibald,East,NBA,1980,False
1106,Larry Bird,East,NBA,1980,False
1107,Bill Cartwright,East,NBA,1980,False
1108,Dave Cowens,East,NBA,1980,True
1109,John Drew,East,NBA,1980,False
1110,Julius Erving,East,NBA,1980,False
1111,George Gervin,East,NBA,1980,False
1112,Elvin Hayes,East,NBA,1980,False
1113,Eddie Johnson,East,NBA,1980,False
1114,Moses Malone,East,NBA,1980,False
1115,Micheal Ray Richardson,East,NBA,1980,False
1116,Dan Roundfield,East,NBA,1980,False
1117,Kareem Abdul-Jabbar,West,NBA,1980,False
1118,Otis Birdsong,West,NBA,1980,False
1119,Adrian Dantley,West,NBA,1980,False
1120,Walter Davis,West,NBA,1980,False
1121,World B. Free,West,NBA,1980,False
1122,Dennis Johnson,West,NBA,1980,False
1123,Marques Johnson,West,NBA,1980,False
1124,Magic Johnson,West,NBA,1980,False
1125,Jack Sikma,West,NBA,1980,False
1126,Kermit Washington,West,NBA,1980,False
1127,Scott Wedman,West,NBA,1980,True
1128,Paul Westphal,West,NBA,1980,False
1129,Doug Collins,East,NBA,1979,True
1130,Bob Dandridge,East,NBA,1979,False
1131,Julius Erving,East,NBA,1979,False
1132,George Gervin,East,NBA,1979,False
1133,Elvin Hayes,East,NBA,1979,False
1134,Larry Kenon,East,NBA,1979,False
1135,Bob Lanier,East,NBA,1979,False
1136,Moses Malone,East,NBA,1979,False
1137,Pete Maravich,East,NBA,1979,False
1138,Calvin Murphy,East,NBA,1979,False
1139,Campy Russell,East,NBA,1979,False
1140,Rudy Tomjanovich,East,NBA,1979,False
1141,Kareem Abdul-Jabbar,West,NBA,1979,False
1142,Otis Birdsong,West,NBA,1979,False
1143,Walter Davis,West,NBA,1979,False
1144,Artis Gilmore,West,NBA,1979,False
1145,Dennis Johnson,West,NBA,1979,False
1146,Marques Johnson,West,NBA,1979,False
1147,Maurice Lucas,West,NBA,1979,False
1148,George McGinnis,West,NBA,1979,False
1149,Jack Sikma,West,NBA,1979,False
1150,David Thompson,West,NBA,1979,False
1151,Paul Westphal,West,NBA,1979,False
1152,Doug Collins,East,NBA,1978,False
1153,Dave Cowens,East,NBA,1978,False
1154,Julius Erving,East,NBA,1978,False
1155,George Gervin,East,NBA,1978,False
1156,John Havlicek,East,NBA,1978,False
1157,Elvin Hayes,East,NBA,1978,False
1158,Larry Kenon,East,NBA,1978,False
1159,Billy Knight,East,NBA,1978,True
1160,Moses Malone,East,NBA,1978,False
1161,Pete Maravich,East,NBA,1978,True
1162,Bob McAdoo,East,NBA,1978,False
1163,Truck Robinson,East,NBA,1978,False
1164,Randy Smith,East,NBA,1978,False
1165,Rick Barry,West,NBA,1978,False
1166,Walter Davis,West,NBA,1978,False
1167,Artis Gilmore,West,NBA,1978,False
1168,Lionel Hollins,West,NBA,1978,False
1169,Bobby Jones,West,NBA,1978,False
1170,Bob Lanier,West,NBA,1978,False
1171,Maurice Lucas,West,NBA,1978,False
1172,David Thompson,West,NBA,1978,False
1173,Bill Walton,West,NBA,1978,False
1174,Paul Westphal,West,NBA,1978,False
1175,Brian Winters,West,NBA,1978,False
1176,Phil Chenier,East,NBA,1977,False
1177,Doug Collins,East,NBA,1977,False
1178,Dave Cowens,East,NBA,1977,True
1179,Julius Erving,East,NBA,1977,False
1180,George Gervin,East,NBA,1977,False
1181,John Havlicek,East,NBA,1977,False
1182,Elvin Hayes,East,NBA,1977,False
1183,Pete Maravich,East,NBA,1977,False
1184,Bob McAdoo,East,NBA,1977,False
1185,George McGinnis,East,NBA,1977,False
1186,Earl Monroe,East,NBA,1977,False
1187,Rudy Tomjanovich,East,NBA,1977,False
1188,Jo Jo White,East,NBA,1977,False
1189,Kareem Abdul-Jabbar,West,NBA,1977,False
1190,Rick Barry,West,NBA,1977,False
1191,Don Buse,West,NBA,1977,False
1192,Dan Issel,West,NBA,1977,False
1193,Bobby Jones,West,NBA,1977,False
1194,Billy Knight,West,NBA,1977,False
1195,Bob Lanier,West,NBA,1977,False
1196,Maurice Lucas,West,NBA,1977,False
1197,Phil Smith,West,NBA,1977,False
1198,David Thompson,West,NBA,1977,False
1199,Norm Van Lier,West,NBA,1977,False
1200,Bill Walton,West,NBA,1977,True
1201,Paul Westphal,West,NBA,1977,False
1202,Marvin Barnes,All Stars,ABA,1976,False
1203,Ron Boone,All Stars,ABA,1976,False
1204,Don Buse,All Stars,ABA,1976,False
1205,Julius Erving,All Stars,ABA,1976,False
1206,George Gervin,All Stars,ABA,1976,False
1207,Artis Gilmore,All Stars,ABA,1976,False
1208,Larry Kenon,All Stars,ABA,1976,False
1209,Billy Knight,All Stars,ABA,1976,False
1210,Maurice Lucas,All Stars,ABA,1976,False
1211,Billy Paultz,All Stars,ABA,1976,False
1212,James Silas,All Stars,ABA,1976,False
1213,Brian Taylor,All Stars,ABA,1976,False
1214,Byron Beck,Denver,ABA,1976,False
1215,Roger Brown,Denver,ABA,1976,False
1216,Jimmy Foster,Denver,ABA,1976,False
1217,Gus Gerard,Denver,ABA,1976,False
1218,Dan Issel,Denver,ABA,1976,False
1219,Bobby Jones,Denver,ABA,1976,False
1220,Ralph Simpson,Denver,ABA,1976,False
1221,Claude Terry,Denver,ABA,1976,False
1222,David Thompson,Denver,ABA,1976,False
1223,Monte Towe,Denver,ABA,1976,False
1224,Chuck Williams,Denver,ABA,1976,False
1225,Dave Bing,East,NBA,1976,False
1226,Doug Collins,East,NBA,1976,False
1227,Dave Cowens,East,NBA,1976,False
1228,John Drew,East,NBA,1976,False
1229,Walt Frazier,East,NBA,1976,False
1230,John Havlicek,East,NBA,1976,False
1231,Elvin Hayes,East,NBA,1976,False
1232,Bob McAdoo,East,NBA,1976,False
1233,George McGinnis,East,NBA,1976,False
1234,Randy Smith,East,NBA,1976,False
1235,Rudy Tomjanovich,East,NBA,1976,False
1236,Jo Jo White,East,NBA,1976,False
1237,Kareem Abdul-Jabbar,West,NBA,1976,False
1238,Alvan Adams,West,NBA,1976,False
1239,Tiny Archibald,West,NBA,1976,False
1240,Rick Barry,West,NBA,1976,False
1241,Fred Brown,West,NBA,1976,False
1242,Bob Dandridge,West,NBA,1976,False
1243,Curtis Rowe,West,NBA,1976,False
1244,Phil Smith,West,NBA,1976,False
1245,Norm Van Lier,West,NBA,1976,False
1246,Scott Wedman,West,NBA,1976,False
1247,Jamaal Wilkes,West,NBA,1976,False
1248,Brian Winters,West,NBA,1976,False
1249,Marvin Barnes,East,ABA,1975,False
1250,Louie Dampier,East,ABA,1975,False
1251,Julius Erving,East,ABA,1975,False
1252,Artis Gilmore,East,ABA,1975,False
1253,Dan Issel,East,ABA,1975,False
1254,Stew Johnson,East,ABA,1975,False
1255,Larry Kenon,East,ABA,1975,False
1256,Freddie Lewis,East,ABA,1975,False
1257,Billy Paultz,East,ABA,1975,False
1258,Brian Taylor,East,ABA,1975,False
1259,Dave Twardzik,East,ABA,1975,False
1260,Ron Boone,West,ABA,1975,False
1261,Mack Calvin,West,ABA,1975,False
1262,George Gervin,West,ABA,1975,False
1263,Mike Green,West,ABA,1975,False
1264,Caldwell Jones,West,ABA,1975,False
1265,Moses Malone,West,ABA,1975,False
1266,George McGinnis,West,ABA,1975,False
1267,Swen Nater,West,ABA,1975,False
1268,James Silas,West,ABA,1975,False
1269,Ralph Simpson,West,ABA,1975,False
1270,Phil Chenier,East,NBA,1975,False
1271,Dave Cowens,East,NBA,1975,False
1272,Walt Frazier,East,NBA,1975,False
1273,John Havlicek,East,NBA,1975,False
1274,Elvin Hayes,East,NBA,1975,False
1275,Bob McAdoo,East,NBA,1975,False
1276,Steve Mix,East,NBA,1975,False
1277,Earl Monroe,East,NBA,1975,False
1278,Paul Silas,East,NBA,1975,False
1279,Rudy Tomjanovich,East,NBA,1975,False
1280,Wes Unseld,East,NBA,1975,False
1281,Jo Jo White,East,NBA,1975,False
1282,Kareem Abdul-Jabbar,West,NBA,1975,False
1283,Tiny Archibald,West,NBA,1975,False
1284,Rick Barry,West,NBA,1975,False
1285,Dave Bing,West,NBA,1975,False
1286,Bob Dandridge,West,NBA,1975,False
1287,Gail Goodrich,West,NBA,1975,False
1288,Spencer Haywood,West,NBA,1975,False
1289,Sam Lacey,West,NBA,1975,False
1290,Bob Lanier,West,NBA,1975,False
1291,Jim Price,West,NBA,1975,False
1292,Charlie Scott,West,NBA,1975,False
1293,Sidney Wicks,West,NBA,1975,False
1294,Mack Calvin,East,ABA,1974,False
1295,Louie Dampier,East,ABA,1974,False
1296,Jim Eakins,East,ABA,1974,False
1297,Julius Erving,East,ABA,1974,False
1298,George Gervin,East,ABA,1974,False
1299,Artis Gilmore,East,ABA,1974,False
1300,Dan Issel,East,ABA,1974,False
1301,Larry Kenon,East,ABA,1974,False
1302,Ted McClain,East,ABA,1974,False
1303,George Thompson,East,ABA,1974,False
1304,Ron Boone,West,ABA,1974,False
1305,Mel Daniels,West,ABA,1974,False
1306,Warren Jabali,West,ABA,1974,False
1307,Stew Johnson,West,ABA,1974,False
1308,Jimmy Jones,West,ABA,1974,False
1309,Rich Jones,West,ABA,1974,False
1310,George McGinnis,West,ABA,1974,False
1311,Swen Nater,West,ABA,1974,False
1312,Ralph Simpson,West,ABA,1974,False
1313,Willie Wise,West,ABA,1974,False
1314,Austin Carr,East,NBA,1974,False
1315,Phil Chenier,East,NBA,1974,False
1316,Dave Cowens,East,NBA,1974,False
1317,Dave DeBusschere,East,NBA,1974,False
1318,Walt Frazier,East,NBA,1974,False
1319,John Havlicek,East,NBA,1974,False
1320,Elvin Hayes,East,NBA,1974,False
1321,Lou Hudson,East,NBA,1974,False
1322,Pete Maravich,East,NBA,1974,False
1323,Bob McAdoo,East,NBA,1974,False
1324,Rudy Tomjanovich,East,NBA,1974,False
1325,Jo Jo White,East,NBA,1974,False
1326,Kareem Abdul-Jabbar,West,NBA,1974,False
1327,Rick Barry,West,NBA,1974,False
1328,Dave Bing,West,NBA,1974,False
1329,Gail Goodrich,West,NBA,1974,False
1330,Spencer Haywood,West,NBA,1974,False
1331,Bob Lanier,West,NBA,1974,False
1332,Geoff Petrie,West,NBA,1974,False
1333,Charlie Scott,West,NBA,1974,False
1334,Nate Thurmond,West,NBA,1974,False
1335,Norm Van Lier,West,NBA,1974,False
1336,Chet Walker,West,NBA,1974,False
1337,Jerry West,West,NBA,1974,True
1338,Sidney Wicks,West,NBA,1974,False
1339,Joe Caldwell,East,ABA,1973,False
1340,Mack Calvin,East,ABA,1973,False
1341,Billy Cunningham,East,ABA,1973,False
1342,Louie Dampier,East,ABA,1973,False
1343,Julius Erving,East,ABA,1973,False
1344,Artis Gilmore,East,ABA,1973,False
1345,Dan Issel,East,ABA,1973,False
1346,Bill Melchionni,East,ABA,1973,False
1347,Billy Paultz,East,ABA,1973,False
1348,George Thompson,East,ABA,1973,False
1349,Zelmo Beaty,West,ABA,1973,False
1350,Mel Daniels,West,ABA,1973,False
1351,Warren Jabali,West,ABA,1973,False
1352,Stew Johnson,West,ABA,1973,False
1353,Jimmy Jones,West,ABA,1973,False
1354,Rich Jones,West,ABA,1973,False
1355,George McGinnis,West,ABA,1973,False
1356,Ralph Simpson,West,ABA,1973,False
1357,Chuck Williams,West,ABA,1973,False
1358,Willie Wise,West,ABA,1973,False
1359,John Block,East,NBA,1973,False
1360,Bill Bradley,East,NBA,1973,False
1361,Dave Cowens,East,NBA,1973,False
1362,Dave DeBusschere,East,NBA,1973,False
1363,Walt Frazier,East,NBA,1973,False
1364,John Havlicek,East,NBA,1973,False
1365,Elvin Hayes,East,NBA,1973,False
1366,Lou Hudson,East,NBA,1973,False
1367,Bob Kauffman,East,NBA,1973,False
1368,Pete Maravich,East,NBA,1973,False
1369,Jack Marin,East,NBA,1973,False
1370,Wes Unseld,East,NBA,1973,False
1371,Jo Jo White,East,NBA,1973,False
1372,Lenny Wilkens,East,NBA,1973,False
1373,Kareem Abdul-Jabbar,West,NBA,1973,True
1374,Tiny Archibald,West,NBA,1973,False
1375,Rick Barry,West,NBA,1973,True
1376,Dave Bing,West,NBA,1973,False
1377,Wilt Chamberlain,West,NBA,1973,False
1378,Bob Dandridge,West,NBA,1973,False
1379,Gail Goodrich,West,NBA,1973,False
1380,Connie Hawkins,West,NBA,1973,False
1381,Spencer Haywood,West,NBA,1973,False
1382,Bob Lanier,West,NBA,1973,False
1383,Bob Love,West,NBA,1973,False
1384,Charlie Scott,West,NBA,1973,False
1385,Nate Thurmond,West,NBA,1973,False
1386,Chet Walker,West,NBA,1973,False
1387,Jerry West,West,NBA,1973,False
1388,Sidney Wicks,West,NBA,1973,False
1389,Rick Barry,East,ABA,1972,False
1390,John Brisker,East,ABA,1972,False
1391,Mack Calvin,East,ABA,1972,False
1392,Louie Dampier,East,ABA,1972,False
1393,Julius Erving,East,ABA,1972,False
1394,Artis Gilmore,East,ABA,1972,False
1395,Dan Issel,East,ABA,1972,False
1396,Warren Jabali,East,ABA,1972,False
1397,Jim McDaniels,East,ABA,1972,False
1398,Bill Melchionni,East,ABA,1972,False
1399,Charlie Scott,East,ABA,1972,False
1400,George Thompson,East,ABA,1972,False
1401,Zelmo Beaty,West,ABA,1972,False
1402,Arthur Becker,West,ABA,1972,False
1403,Roger Brown,West,ABA,1972,False
1404,Glen Combs,West,ABA,1972,False
1405,Mel Daniels,West,ABA,1972,False
1406,Donnie Freeman,West,ABA,1972,False
1407,Steve Jones,West,ABA,1972,False
1408,Wil Jones,West,ABA,1972,False
1409,Wendell Ladner,West,ABA,1972,False
1410,Freddie Lewis,West,ABA,1972,False
1411,Ralph Simpson,West,ABA,1972,False
1412,Willie Wise,West,ABA,1972,False
1413,Butch Beard,East,NBA,1972,False
1414,Archie Clark,East,NBA,1972,False
1415,Dave Cowens,East,NBA,1972,False
1416,Billy Cunningham,East,NBA,1972,False
1417,Dave DeBusschere,East,NBA,1972,False
1418,Walt Frazier,East,NBA,1972,False
1419,John Havlicek,East,NBA,1972,False
1420,Lou Hudson,East,NBA,1972,False
1421,John Johnson,East,NBA,1972,False
1422,Bob Kauffman,East,NBA,1972,False
1423,Jack Marin,East,NBA,1972,False
1424,Wes Unseld,East,NBA,1972,False
1425,Tom Van Arsdale,East,NBA,1972,False
1426,Jo Jo White,East,NBA,1972,False
1427,Kareem Abdul-Jabbar,West,NBA,1972,False
1428,Wilt Chamberlain,West,NBA,1972,False
1429,Gail Goodrich,West,NBA,1972,False
1430,Connie Hawkins,West,NBA,1972,False
1431,Elvin Hayes,West,NBA,1972,False
1432,Spencer Haywood,West,NBA,1972,False
1433,Bob Lanier,West,NBA,1972,False
1434,Bob Love,West,NBA,1972,False
1435,Oscar Robertson,West,NBA,1972,False
1436,Cazzie Russell,West,NBA,1972,False
1437,Paul Silas,West,NBA,1972,False
1438,Jimmy Walker,West,NBA,1972,False
1439,Jerry West,West,NBA,1972,False
1440,Sidney Wicks,West,NBA,1972,False
1441,Rick Barry,East,ABA,1971,False
1442,John Brisker,East,ABA,1971,False
1443,Joe Caldwell,East,ABA,1971,False
1444,Mack Calvin,East,ABA,1971,False
1445,George Carter,East,ABA,1971,False
1446,Dan Issel,East,ABA,1971,False
1447,Neil Johnson,East,ABA,1971,False
1448,Larry Jones,East,ABA,1971,False
1449,Mike Lewis,East,ABA,1971,False
1450,Bill Melchionni,East,ABA,1971,False
1451,Cincinnatus Powell,East,ABA,1971,False
1452,Charlie Scott,East,ABA,1971,False
1453,Zelmo Beaty,West,ABA,1971,False
1454,Ron Boone,West,ABA,1971,False
1455,Roger Brown,West,ABA,1971,False
1456,Glen Combs,West,ABA,1971,False
1457,Mel Daniels,West,ABA,1971,False
1458,Donnie Freeman,West,ABA,1971,False
1459,Jimmy Jones,West,ABA,1971,False
1460,Steve Jones,West,ABA,1971,False
1461,Julius Keye,West,ABA,1971,False
1462,Wendell Ladner,West,ABA,1971,False
1463,Bob Netolicky,West,ABA,1971,False
1464,Red Robbins,West,ABA,1971,False
1465,Billy Cunningham,East,NBA,1971,False
1466,Dave DeBusschere,East,NBA,1971,False
1467,Walt Frazier,East,NBA,1971,False
1468,Johnny Green,East,NBA,1971,False
1469,John Havlicek,East,NBA,1971,False
1470,Lou Hudson,East,NBA,1971,False
1471,Gus Johnson,East,NBA,1971,False
1472,John Johnson,East,NBA,1971,False
1473,Bob Kauffman,East,NBA,1971,False
1474,Earl Monroe,East,NBA,1971,False
1475,Willis Reed,East,NBA,1971,False
1476,Wes Unseld,East,NBA,1971,False
1477,Tom Van Arsdale,East,NBA,1971,False
1478,Jo Jo White,East,NBA,1971,False
1479,Kareem Abdul-Jabbar,West,NBA,1971,False
1480,Dave Bing,West,NBA,1971,False
1481,Wilt Chamberlain,West,NBA,1971,False
1482,Connie Hawkins,West,NBA,1971,False
1483,Elvin Hayes,West,NBA,1971,False
1484,Bob Love,West,NBA,1971,False
1485,Jerry Lucas,West,NBA,1971,False
1486,Jeff Mullins,West,NBA,1971,False
1487,Geoff Petrie,West,NBA,1971,False
1488,Oscar Robertson,West,NBA,1971,False
1489,Dick Van Arsdale,West,NBA,1971,False
1490,Chet Walker,West,NBA,1971,False
1491,Jerry West,West,NBA,1971,False
1492,Lenny Wilkens,West,NBA,1971,False
1493,Roger Brown,East,ABA,1970,False
1494,Darel Carrier,East,ABA,1970,False
1495,Louie Dampier,East,ABA,1970,False
1496,Mel Daniels,East,ABA,1970,False
1497,Donnie Freeman,East,ABA,1970,False
1498,Mike Lewis,East,ABA,1970,False
1499,Doug Moe,East,ABA,1970,False
1500,Gene Moore,East,ABA,1970,False
1501,Bob Netolicky,East,ABA,1970,False
1502,Levern Tart,East,ABA,1970,False
1503,Bob Verga,East,ABA,1970,False
1504,Charlie Williams,East,ABA,1970,False
1505,Rick Barry,West,ABA,1970,False
1506,John Beasley,West,ABA,1970,False
1507,Larry Brown,West,ABA,1970,False
1508,Glen Combs,West,ABA,1970,False
1509,Warren Davis,West,ABA,1970,False
1510,Gerald Govan,West,ABA,1970,False
1511,Spencer Haywood,West,ABA,1970,False
1512,Warren Jabali,West,ABA,1970,False
1513,Jimmy Jones,West,ABA,1970,False
1514,Larry Jones,West,ABA,1970,False
1515,Steve Jones,West,ABA,1970,False
1516,Cincinnatus Powell,West,ABA,1970,False
1517,Red Robbins,West,ABA,1970,True
1518,Kareem Abdul-Jabbar,East,NBA,1970,False
1519,Billy Cunningham,East,NBA,1970,False
1520,Dave DeBusschere,East,NBA,1970,False
1521,Walt Frazier,East,NBA,1970,False
1522,Hal Greer,East,NBA,1970,False
1523,John Havlicek,East,NBA,1970,False
1524,Gus Johnson,East,NBA,1970,False
1525,Willis Reed,East,NBA,1970,False
1526,Oscar Robertson,East,NBA,1970,False
1527,Flynn Robinson,East,NBA,1970,False
1528,Tom Van Arsdale,East,NBA,1970,False
1529,Jimmy Walker,East,NBA,1970,False
1530,Elgin Baylor,West,NBA,1970,False
1531,Bill Bridges,West,NBA,1970,False
1532,Joe Caldwell,West,NBA,1970,False
1533,Connie Hawkins,West,NBA,1970,False
1534,Elvin Hayes,West,NBA,1970,False
1535,Lou Hudson,West,NBA,1970,False
1536,Jeff Mullins,West,NBA,1970,False
1537,Bob Rule,West,NBA,1970,False
1538,Nate Thurmond,West,NBA,1970,True
1539,Dick Van Arsdale,West,NBA,1970,False
1540,Chet Walker,West,NBA,1970,False
1541,Jerry West,West,NBA,1970,False
1542,Lenny Wilkens,West,NBA,1970,False
1543,Darel Carrier,East,ABA,1969,False
1544,Louie Dampier,East,ABA,1969,False
1545,Mel Daniels,East,ABA,1969,False
1546,Donnie Freeman,East,ABA,1969,False
1547,Les Hunter,East,ABA,1969,False
1548,Goose Ligon,East,ABA,1969,False
1549,Bob Netolicky,East,ABA,1969,False
1550,Walter Simon,East,ABA,1969,False
1551,Skip Thoren,East,ABA,1969,False
1552,Trooper Washington,East,ABA,1969,False
1553,Charlie Williams,East,ABA,1969,False
1554,Rick Barry,West,ABA,1969,False
1555,John Beasley,West,ABA,1969,False
1556,Byron Beck,West,ABA,1969,False
1557,Larry Brown,West,ABA,1969,False
1558,Warren Davis,West,ABA,1969,False
1559,Wayne Hightower,West,ABA,1969,False
1560,Mervin Jackson,West,ABA,1969,False
1561,Jimmy Jones,West,ABA,1969,False
1562,Larry Jones,West,ABA,1969,False
1563,Doug Moe,West,ABA,1969,False
1564,Red Robbins,West,ABA,1969,False
1565,Willie Somerset,West,ABA,1969,False
1566,Dave Bing,East,NBA,1969,False
1567,Billy Cunningham,East,NBA,1969,False
1568,Hal Greer,East,NBA,1969,False
1569,John Havlicek,East,NBA,1969,False
1570,Gus Johnson,East,NBA,1969,False
1571,Jerry Lucas,East,NBA,1969,False
1572,Jon McGlocklin,East,NBA,1969,False
1573,Earl Monroe,East,NBA,1969,False
1574,Willis Reed,East,NBA,1969,False
1575,Oscar Robertson,East,NBA,1969,False
1576,Bill Russell,East,NBA,1969,False
1577,Wes Unseld,East,NBA,1969,False
1578,Elgin Baylor,West,NBA,1969,False
1579,Joe Caldwell,West,NBA,1969,False
1580,Wilt Chamberlain,West,NBA,1969,False
1581,Gail Goodrich,West,NBA,1969,False
1582,Elvin Hayes,West,NBA,1969,False
1583,Lou Hudson,West,NBA,1969,False
1584,Don Kojis,West,NBA,1969,False
1585,Rudy LaRusso,West,NBA,1969,False
1586,Jeff Mullins,West,NBA,1969,False
1587,Jerry Sloan,West,NBA,1969,False
1588,Dick Van Arsdale,West,NBA,1969,False
1589,Jerry West,West,NBA,1969,True
1590,Lenny Wilkens,West,NBA,1969,False
1591,Roger Brown,East,ABA,1968,False
1592,Darel Carrier,East,ABA,1968,False
1593,Louie Dampier,East,ABA,1968,False
1594,Mel Daniels,East,ABA,1968,False
1595,Donnie Freeman,East,ABA,1968,False
1596,Connie Hawkins,East,ABA,1968,False
1597,Les Hunter,East,ABA,1968,False
1598,Tony Jackson,East,ABA,1968,False
1599,Freddie Lewis,East,ABA,1968,False
1600,Randolph Mahaffey,East,ABA,1968,False
1601,Bob Netolicky,East,ABA,1968,False
1602,Chico Vaughn,East,ABA,1968,False
1603,John Beasley,West,ABA,1968,False
1604,Arthur Becker,West,ABA,1968,False
1605,Larry Brown,West,ABA,1968,False
1606,Larry Bunce,West,ABA,1968,False
1607,Cliff Hagan,West,ABA,1968,False
1608,Jimmy Jones,West,ABA,1968,False
1609,Larry Jones,West,ABA,1968,False
1610,Dewitt Menyard,West,ABA,1968,False
1611,Doug Moe,West,ABA,1968,False
1612,Red Robbins,West,ABA,1968,False
1613,Levern Tart,West,ABA,1968,False
1614,Ben Warley,West,ABA,1968,False
1615,Dick Barnett,East,NBA,1968,False
1616,Dave Bing,East,NBA,1968,False
1617,Wilt Chamberlain,East,NBA,1968,False
1618,Dave DeBusschere,East,NBA,1968,False
1619,Hal Greer,East,NBA,1968,False
1620,John Havlicek,East,NBA,1968,False
1621,Gus Johnson,East,NBA,1968,False
1622,Sam Jones,East,NBA,1968,False
1623,Jerry Lucas,East,NBA,1968,False
1624,Willis Reed,East,NBA,1968,False
1625,Oscar Robertson,East,NBA,1968,False
1626,Bill Russell,East,NBA,1968,False
1627,Walt Hazzard,West,NBA,1968,False
1628,Elgin Baylor,West,NBA,1968,False
1629,Zelmo Beaty,West,NBA,1968,False
1630,Bob Boozer,West,NBA,1968,False
1631,Bill Bridges,West,NBA,1968,False
1632,Archie Clark,West,NBA,1968,False
1633,Jim King,West,NBA,1968,False
1634,Don Kojis,West,NBA,1968,False
1635,Rudy LaRusso,West,NBA,1968,False
1636,Clyde Lee,West,NBA,1968,False
1637,Nate Thurmond,West,NBA,1968,True
1638,Jerry West,West,NBA,1968,False
1639,Lenny Wilkens,West,NBA,1968,False
1640,Wilt Chamberlain,East,NBA,1967,False
1641,Hal Greer,East,NBA,1967,False
1642,John Havlicek,East,NBA,1967,False
1643,Bailey Howell,East,NBA,1967,False
1644,Jerry Lucas,East,NBA,1967,False
1645,Don Ohl,East,NBA,1967,False
1646,Willis Reed,East,NBA,1967,False
1647,Oscar Robertson,East,NBA,1967,False
1648,Bill Russell,East,NBA,1967,False
1649,Chet Walker,East,NBA,1967,False
1650,Rick Barry,West,NBA,1967,False
1651,Elgin Baylor,West,NBA,1967,False
1652,Bill Bridges,West,NBA,1967,False
1653,Dave DeBusschere,West,NBA,1967,False
1654,Darrall Imhoff,West,NBA,1967,False
1655,Guy Rodgers,West,NBA,1967,False
1656,Jerry Sloan,West,NBA,1967,False
1657,Nate Thurmond,West,NBA,1967,False
1658,Jerry West,West,NBA,1967,False
1659,Lenny Wilkens,West,NBA,1967,False
1660,Wilt Chamberlain,East,NBA,1966,False
1661,Hal Greer,East,NBA,1966,False
1662,John Havlicek,East,NBA,1966,False
1663,Sam Jones,East,NBA,1966,False
1664,Jerry Lucas,East,NBA,1966,False
1665,Willis Reed,East,NBA,1966,False
1666,Oscar Robertson,East,NBA,1966,False
1667,Bill Russell,East,NBA,1966,False
1668,Adrian Smith,East,NBA,1966,False
1669,Chet Walker,East,NBA,1966,False
1670,Rick Barry,West,NBA,1966,False
1671,Zelmo Beaty,West,NBA,1966,False
1672,Dave DeBusschere,West,NBA,1966,False
1673,Bailey Howell,West,NBA,1966,False
1674,Rudy LaRusso,West,NBA,1966,False
1675,Eddie Miles,West,NBA,1966,False
1676,Don Ohl,West,NBA,1966,False
1677,Guy Rodgers,West,NBA,1966,False
1678,Nate Thurmond,West,NBA,1966,False
1679,Jerry West,West,NBA,1966,False
1680,Larry Costello,East,NBA,1965,False
1681,Wayne Embry,East,NBA,1965,False
1682,Johnny Green,East,NBA,1965,False
1683,Hal Greer,East,NBA,1965,False
1684,Tom Heinsohn,East,NBA,1965,True
1685,Luke Jackson,East,NBA,1965,False
1686,Sam Jones,East,NBA,1965,False
1687,Jerry Lucas,East,NBA,1965,False
1688,Willis Reed,East,NBA,1965,False
1689,Oscar Robertson,East,NBA,1965,False
1690,Bill Russell,East,NBA,1965,False
1691,Elgin Baylor,West,NBA,1965,False
1692,Walt Bellamy,West,NBA,1965,False
1693,Wilt Chamberlain,West,NBA,1965,False
1694,Terry Dischinger,West,NBA,1965,False
1695,Gus Johnson,West,NBA,1965,False
1696,Don Ohl,West,NBA,1965,False
1697,Bob Pettit,West,NBA,1965,False
1698,Nate Thurmond,West,NBA,1965,False
1699,Jerry West,West,NBA,1965,False
1700,Lenny Wilkens,West,NBA,1965,False
1701,Len Chappell,East,NBA,1964,False
1702,Wayne Embry,East,NBA,1964,False
1703,Tom Gola,East,NBA,1964,False
1704,Hal Greer,East,NBA,1964,False
1705,Tom Heinsohn,East,NBA,1964,False
1706,Sam Jones,East,NBA,1964,False
1707,Jerry Lucas,East,NBA,1964,False
1708,Oscar Robertson,East,NBA,1964,False
1709,Bill Russell,East,NBA,1964,False
1710,Chet Walker,East,NBA,1964,False
1711,Elgin Baylor,West,NBA,1964,False
1712,Walt Bellamy,West,NBA,1964,False
1713,Wilt Chamberlain,West,NBA,1964,False
1714,Terry Dischinger,West,NBA,1964,False
1715,Bailey Howell,West,NBA,1964,False
1716,Don Ohl,West,NBA,1964,False
1717,Bob Pettit,West,NBA,1964,False
1718,Guy Rodgers,West,NBA,1964,False
1719,Jerry West,West,NBA,1964,False
1720,Lenny Wilkens,West,NBA,1964,False
1721,Bob Cousy,East,NBA,1963,False
1722,Wayne Embry,East,NBA,1963,True
1723,Tom Gola,East,NBA,1963,False
1724,Johnny Green,East,NBA,1963,False
1725,Hal Greer,East,NBA,1963,False
1726,Richie Guerin,East,NBA,1963,False
1727,Tom Heinsohn,East,NBA,1963,False
1728,Red Kerr,East,NBA,1963,False
1729,Oscar Robertson,East,NBA,1963,False
1730,Bill Russell,East,NBA,1963,False
1731,Lee Shaffer,East,NBA,1963,False
1732,Jack Twyman,East,NBA,1963,False
1733,Elgin Baylor,West,NBA,1963,False
1734,Walt Bellamy,West,NBA,1963,False
1735,Wilt Chamberlain,West,NBA,1963,False
1736,Terry Dischinger,West,NBA,1963,False
1737,Bailey Howell,West,NBA,1963,False
1738,Rudy LaRusso,West,NBA,1963,False
1739,Tom Meschery,West,NBA,1963,False
1740,Don Ohl,West,NBA,1963,False
1741,Bob Pettit,West,NBA,1963,False
1742,Guy Rodgers,West,NBA,1963,False
1743,Jerry West,West,NBA,1963,False
1744,Lenny Wilkens,West,NBA,1963,False
1745,Paul Arizin,East,NBA,1962,False
1746,Wilt Chamberlain,East,NBA,1962,False
1747,Larry Costello,East,NBA,1962,True
1748,Bob Cousy,East,NBA,1962,False
1749,Tom Gola,East,NBA,1962,True
1750,Johnny Green,East,NBA,1962,False
1751,Hal Greer,East,NBA,1962,False
1752,Richie Guerin,East,NBA,1962,False
1753,Tom Heinsohn,East,NBA,1962,False
1754,Sam Jones,East,NBA,1962,False
1755,Willie Naulls,East,NBA,1962,False
1756,Bill Russell,East,NBA,1962,False
1757,Dolph Schayes,East,NBA,1962,False
1758,Elgin Baylor,West,NBA,1962,False
1759,Walt Bellamy,West,NBA,1962,False
1760,Wayne Embry,West,NBA,1962,False
1761,Cliff Hagan,West,NBA,1962,False
1762,Bailey Howell,West,NBA,1962,False
1763,Rudy LaRusso,West,NBA,1962,True
1764,Bob Pettit,West,NBA,1962,False
1765,Oscar Robertson,West,NBA,1962,False
1766,Frank Selvy,West,NBA,1962,False
1767,Gene Shue,West,NBA,1962,False
1768,Jack Twyman,West,NBA,1962,False
1769,Jerry West,West,NBA,1962,False
1770,Paul Arizin,East,NBA,1961,False
1771,Wilt Chamberlain,East,NBA,1961,False
1772,Larry Costello,East,NBA,1961,False
1773,Bob Cousy,East,NBA,1961,False
1774,Tom Gola,East,NBA,1961,False
1775,Hal Greer,East,NBA,1961,False
1776,Richie Guerin,East,NBA,1961,False
1777,Tom Heinsohn,East,NBA,1961,False
1778,Willie Naulls,East,NBA,1961,False
1779,Bill Russell,East,NBA,1961,False
1780,Dolph Schayes,East,NBA,1961,False
1781,Elgin Baylor,West,NBA,1961,False
1782,Walter Dukes,West,NBA,1961,False
1783,Wayne Embry,West,NBA,1961,False
1784,Cliff Hagan,West,NBA,1961,False
1785,Bailey Howell,West,NBA,1961,False
1786,Hot Rod Hundley,West,NBA,1961,False
1787,Clyde Lovellette,West,NBA,1961,False
1788,Bob Pettit,West,NBA,1961,False
1789,Oscar Robertson,West,NBA,1961,False
1790,Gene Shue,West,NBA,1961,False
1791,Jerry West,West,NBA,1961,False
1792,Paul Arizin,East,NBA,1960,True
1793,Wilt Chamberlain,East,NBA,1960,False
1794,Larry Costello,East,NBA,1960,False
1795,Bob Cousy,East,NBA,1960,False
1796,Tom Gola,East,NBA,1960,False
1797,Richie Guerin,East,NBA,1960,False
1798,Willie Naulls,East,NBA,1960,False
1799,Bill Russell,East,NBA,1960,False
1800,Dolph Schayes,East,NBA,1960,False
1801,Bill Sharman,East,NBA,1960,False
1802,George Yardley,East,NBA,1960,False
1803,Elgin Baylor,West,NBA,1960,False
1804,Walter Dukes,West,NBA,1960,False
1805,Dick Garmaker,West,NBA,1960,False
1806,Cliff Hagan,West,NBA,1960,False
1807,Hot Rod Hundley,West,NBA,1960,False
1808,Clyde Lovellette,West,NBA,1960,False
1809,Chuck Noble,West,NBA,1960,False
1810,Bob Pettit,West,NBA,1960,False
1811,Gene Shue,West,NBA,1960,False
1812,Jack Twyman,West,NBA,1960,False
1813,Paul Arizin,East,NBA,1959,False
1814,Larry Costello,East,NBA,1959,False
1815,Bob Cousy,East,NBA,1959,False
1816,Richie Guerin,East,NBA,1959,False
1817,Red Kerr,East,NBA,1959,False
1818,Bill Russell,East,NBA,1959,False
1819,Woody Sauldsberry,East,NBA,1959,False
1820,Dolph Schayes,East,NBA,1959,False
1821,Kenny Sears,East,NBA,1959,False
1822,Bill Sharman,East,NBA,1959,False
1823,Elgin Baylor,West,NBA,1959,False
1824,Larry Foust,West,NBA,1959,False
1825,Dick Garmaker,West,NBA,1959,False
1826,Cliff Hagan,West,NBA,1959,False
1827,Slater Martin,West,NBA,1959,False
1828,Dick McGuire,West,NBA,1959,False
1829,Bob Pettit,West,NBA,1959,False
1830,Gene Shue,West,NBA,1959,False
1831,Jack Twyman,West,NBA,1959,False
1832,George Yardley,West,NBA,1959,False
1833,Paul Arizin,East,NBA,1958,False
1834,Larry Costello,East,NBA,1958,False
1835,Bob Cousy,East,NBA,1958,False
1836,Richie Guerin,East,NBA,1958,False
1837,Neil Johnston,East,NBA,1958,False
1838,Willie Naulls,East,NBA,1958,False
1839,Bill Russell,East,NBA,1958,False
1840,Dolph Schayes,East,NBA,1958,False
1841,Kenny Sears,East,NBA,1958,False
1842,Bill Sharman,East,NBA,1958,False
1843,Larry Foust,West,NBA,1958,False
1844,Dick Garmaker,West,NBA,1958,False
1845,Cliff Hagan,West,NBA,1958,True
1846,Slater Martin,West,NBA,1958,False
1847,Dick McGuire,West,NBA,1958,False
1848,Bob Pettit,West,NBA,1958,False
1849,Gene Shue,West,NBA,1958,False
1850,Maurice Stokes,West,NBA,1958,False
1851,Jack Twyman,West,NBA,1958,False
1852,George Yardley,West,NBA,1958,False
1853,Paul Arizin,East,NBA,1957,False
1854,Carl Braun,East,NBA,1957,False
1855,Nat Clifton,East,NBA,1957,False
1856,Bob Cousy,East,NBA,1957,False
1857,Harry Gallatin,East,NBA,1957,False
1858,Jack George,East,NBA,1957,False
1859,Tom Heinsohn,East,NBA,1957,False
1860,Neil Johnston,East,NBA,1957,False
1861,Dolph Schayes,East,NBA,1957,False
1862,Bill Sharman,East,NBA,1957,False
1863,Dick Garmaker,West,NBA,1957,False
1864,Mel Hutchins,West,NBA,1957,False
1865,Clyde Lovellette,West,NBA,1957,True
1866,Ed Macauley,West,NBA,1957,False
1867,Slater Martin,West,NBA,1957,False
1868,Vern Mikkelsen,West,NBA,1957,False
1869,Bob Pettit,West,NBA,1957,False
1870,Richie Regan,West,NBA,1957,False
1871,Maurice Stokes,West,NBA,1957,False
1872,Jack Twyman,West,NBA,1957,False
1873,George Yardley,West,NBA,1957,False
1874,Paul Arizin,East,NBA,1956,False
1875,Carl Braun,East,NBA,1956,True
1876,Bob Cousy,East,NBA,1956,False
1877,Harry Gallatin,East,NBA,1956,False
1878,Jack George,East,NBA,1956,False
1879,Neil Johnston,East,NBA,1956,False
1880,Red Kerr,East,NBA,1956,False
1881,Ed Macauley,East,NBA,1956,False
1882,Dick McGuire,East,NBA,1956,False
1883,Dolph Schayes,East,NBA,1956,False
1884,Bill Sharman,East,NBA,1956,False
1885,Larry Foust,West,NBA,1956,False
1886,Bob Harrison,West,NBA,1956,False
1887,Mel Hutchins,West,NBA,1956,False
1888,Clyde Lovellette,West,NBA,1956,False
1889,Slater Martin,West,NBA,1956,False
1890,Vern Mikkelsen,West,NBA,1956,False
1891,Bob Pettit,West,NBA,1956,False
1892,Maurice Stokes,West,NBA,1956,False
1893,Bobby Wanzer,West,NBA,1956,False
1894,George Yardley,West,NBA,1956,False
1895,Paul Arizin,East,NBA,1955,False
1896,Carl Braun,East,NBA,1955,False
1897,Bob Cousy,East,NBA,1955,False
1898,Harry Gallatin,East,NBA,1955,False
1899,Neil Johnston,East,NBA,1955,False
1900,Ed Macauley,East,NBA,1955,False
1901,Dick McGuire,East,NBA,1955,False
1902,Dolph Schayes,East,NBA,1955,False
1903,Paul Seymour,East,NBA,1955,False
1904,Bill Sharman,East,NBA,1955,False
1905,Jack Coleman,West,NBA,1955,False
1906,Larry Foust,West,NBA,1955,False
1907,Slater Martin,West,NBA,1955,False
1908,Vern Mikkelsen,West,NBA,1955,False
1909,Bob Pettit,West,NBA,1955,False
1910,Andy Phillip,West,NBA,1955,False
1911,Jim Pollard,West,NBA,1955,False
1912,Arnie Risen,West,NBA,1955,True
1913,Frank Selvy,West,NBA,1955,False
1914,Bobby Wanzer,West,NBA,1955,False
1915,George Yardley,West,NBA,1955,False
1916,Carl Braun,East,NBA,1954,False
1917,Bob Cousy,East,NBA,1954,False
1918,Ray Felix,East,NBA,1954,False
1919,Harry Gallatin,East,NBA,1954,False
1920,Neil Johnston,East,NBA,1954,False
1921,Ed Macauley,East,NBA,1954,False
1922,Dick McGuire,East,NBA,1954,False
1923,Dolph Schayes,East,NBA,1954,False
1924,Paul Seymour,East,NBA,1954,False
1925,Bill Sharman,East,NBA,1954,False
1926,Bob Davies,West,NBA,1954,False
1927,Larry Foust,West,NBA,1954,False
1928,Mel Hutchins,West,NBA,1954,False
1929,Slater Martin,West,NBA,1954,False
1930,George Mikan,West,NBA,1954,False
1931,Jack Molinas,West,NBA,1954,True
1932,Andy Phillip,West,NBA,1954,False
1933,Jim Pollard,West,NBA,1954,False
1934,Arnie Risen,West,NBA,1954,False
1935,Don Sunderlage,West,NBA,1954,False
1936,Bobby Wanzer,West,NBA,1954,False
1937,Don Barksdale,East,NBA,1953,False
1938,Carl Braun,East,NBA,1953,False
1939,Bob Cousy,East,NBA,1953,False
1940,Bill Gabor,East,NBA,1953,False
1941,Harry Gallatin,East,NBA,1953,False
1942,Neil Johnston,East,NBA,1953,False
1943,Ed Macauley,East,NBA,1953,False
1944,Dolph Schayes,East,NBA,1953,False
1945,Fred Scolari,East,NBA,1953,True
1946,Paul Seymour,East,NBA,1953,False
1947,Bill Sharman,East,NBA,1953,False
1948,Leo Barnhorst,West,NBA,1953,False
1949,Bob Davies,West,NBA,1953,False
1950,Larry Foust,West,NBA,1953,False
1951,Mel Hutchins,West,NBA,1953,False
1952,Slater Martin,West,NBA,1953,False
1953,George Mikan,West,NBA,1953,False
1954,Vern Mikkelsen,West,NBA,1953,False
1955,Andy Phillip,West,NBA,1953,False
1956,Arnie Risen,West,NBA,1953,False
1957,Bobby Wanzer,West,NBA,1953,False
1958,Paul Arizin,East,NBA,1952,False
1959,Bob Cousy,East,NBA,1952,False
1960,Joe Fulks,East,NBA,1952,False
1961,Harry Gallatin,East,NBA,1952,False
1962,Ed Macauley,East,NBA,1952,False
1963,Dick McGuire,East,NBA,1952,False
1964,Andy Phillip,East,NBA,1952,False
1965,Red Rocha,East,NBA,1952,False
1966,Dolph Schayes,East,NBA,1952,True
1967,Fred Scolari,East,NBA,1952,False
1968,Max Zaslofsky,East,NBA,1952,False
1969,Leo Barnhorst,West,NBA,1952,False
1970,Frankie Brian,West,NBA,1952,False
1971,Bob Davies,West,NBA,1952,False
1972,Dike Eddleman,West,NBA,1952,False
1973,Larry Foust,West,NBA,1952,True
1974,George Mikan,West,NBA,1952,False
1975,Vern Mikkelsen,West,NBA,1952,False
1976,Jim Pollard,West,NBA,1952,False
1977,Arnie Risen,West,NBA,1952,False
1978,Paul Walther,West,NBA,1952,False
1979,Bobby Wanzer,West,NBA,1952,False
1980,Paul Arizin,East,NBA,1951,False
1981,Vince Boryla,East,NBA,1951,False
1982,Bob Cousy,East,NBA,1951,False
1983,Joe Fulks,East,NBA,1951,False
1984,Harry Gallatin,East,NBA,1951,False
1985,Ed Macauley,East,NBA,1951,False
1986,Dick McGuire,East,NBA,1951,False
1987,Andy Phillip,East,NBA,1951,False
1988,Red Rocha,East,NBA,1951,False
1989,Dolph Schayes,East,NBA,1951,False
1990,Ralph Beard,West,NBA,1951,False
1991,Frankie Brian,West,NBA,1951,False
1992,Bob Davies,West,NBA,1951,False
1993,Dike Eddleman,West,NBA,1951,False
1994,Larry Foust,West,NBA,1951,False
1995,Alex Groza,West,NBA,1951,False
1996,George Mikan,West,NBA,1951,False
1997,Vern Mikkelsen,West,NBA,1951,False
1998,Jim Pollard,West,NBA,1951,False
1999,Fred Schaus,West,NBA,1951,False
